example_index,path,total_steps_to_epsilon,total_loss_sum,final_loss,weight_distance,softmax_wasserstein,grad_mass_wasserstein,universal_difficulty_rank
0,/home/projects/bagon/shared/imagenet512/val/n03000247/ILSVRC2012_val_00024629.JPEG,934,2.782679907279089,0.00099871342536062,0.11534585932187308,0.06161896732266309,0.10994321124263795,27233
1,/home/projects/bagon/shared/imagenet512/val/n03201208/ILSVRC2012_val_00000241.JPEG,300,1.410394164500758,0.0009975224966183305,0.15850795005625917,0.10874993506307884,0.16449297083067926,27393
2,/home/projects/bagon/shared/imagenet512/val/n02107574/ILSVRC2012_val_00004666.JPEG,1140,5.30336947995238,0.0009990707039833069,0.42397394668980914,0.20570235462415554,0.18272973602897968,28525
3,/home/projects/bagon/shared/imagenet512/val/n04118538/ILSVRC2012_val_00033102.JPEG,1724,6.796749305096455,0.0009997851448133588,2.705845730843364,0.8621633154767776,0.2647542036388872,29646
4,/home/projects/bagon/shared/imagenet512/val/n04465501/ILSVRC2012_val_00026128.JPEG,1898,7.537130100885406,0.0009838269324973226,1.0749073295277665,0.7894559549771377,0.33517443353756077,30223
5,/home/projects/bagon/shared/imagenet512/val/n02105855/ILSVRC2012_val_00049871.JPEG,1472,4.128098670509644,0.0009999042376875877,0.44121375915522637,0.2302227366147628,0.31096952512661663,30732
6,/home/projects/bagon/shared/imagenet512/val/n04552348/ILSVRC2012_val_00023701.JPEG,1053,8.064628143096343,0.0009991897968575358,1.0220516243648867,0.7583770196383678,0.3183657159285653,31896
7,/home/projects/bagon/shared/imagenet512/val/n03379051/ILSVRC2012_val_00035449.JPEG,1020,4.184960894403048,0.0009999042376875877,1.3008115486037288,0.48215794146685226,0.22051419804738334,32254
8,/home/projects/bagon/shared/imagenet512/val/n02104029/ILSVRC2012_val_00014775.JPEG,1166,5.483725360245444,0.0009997851448133588,1.8945406987572362,0.8922583833095477,0.3282291984986514,33333
9,/home/projects/bagon/shared/imagenet512/val/n02091134/ILSVRC2012_val_00004956.JPEG,1821,6.558167718234472,0.0009977606823667884,1.3540392652520759,0.5860500109088903,0.20659830904809898,33382
10,/home/projects/bagon/shared/imagenet512/val/n02105251/ILSVRC2012_val_00045720.JPEG,933,8.448220231221057,0.0009994279826059937,2.183838270619793,0.9714305566550112,0.3261483487924631,33720
11,/home/projects/bagon/shared/imagenet512/val/n03930313/ILSVRC2012_val_00028774.JPEG,1509,4.307198427966796,0.0009995469590649009,0.640486595044766,0.4359540447778297,0.24093996946000312,33834
12,/home/projects/bagon/shared/imagenet512/val/n02102040/ILSVRC2012_val_00022412.JPEG,1026,6.018831471563317,0.0009994279826059937,1.2676631758068808,0.9144321422804307,0.2709471596725608,34209
13,/home/projects/bagon/shared/imagenet512/val/n09246464/ILSVRC2012_val_00009311.JPEG,1716,7.4264787511201575,0.0009999042376875877,0.6293290686051803,0.26683115231433635,0.299045196264882,34265
14,/home/projects/bagon/shared/imagenet512/val/n03770439/ILSVRC2012_val_00005391.JPEG,922,4.823317216010764,0.0009993088897317648,1.478029145247989,0.8500278865422789,0.2871917657100456,34392
15,/home/projects/bagon/shared/imagenet512/val/n03724870/ILSVRC2012_val_00020896.JPEG,1224,7.4219528620596975,0.0009995469590649009,1.7232174882027538,0.9441816856626543,0.20069906013328653,34757
16,/home/projects/bagon/shared/imagenet512/val/n02443484/ILSVRC2012_val_00033362.JPEG,1554,5.297724791802466,0.0009995469590649009,0.38317030958115883,0.49096523009443976,0.30491825512475595,34862
17,/home/projects/bagon/shared/imagenet512/val/n07614500/ILSVRC2012_val_00030615.JPEG,1051,4.074909734423272,0.0009999042376875877,1.424574763594321,0.586181678493159,0.21997469726398605,34922
18,/home/projects/bagon/shared/imagenet512/val/n03133878/ILSVRC2012_val_00011276.JPEG,1853,6.825351245584898,0.0009993088897317648,1.5981322846017942,0.6549977919952583,0.32288225891199807,34986
19,/home/projects/bagon/shared/imagenet512/val/n04532106/ILSVRC2012_val_00000338.JPEG,349,0.9322543918387964,0.0009983561467379332,0.1017968355440378,0.08751368858117921,0.13582777093107434,35069
20,/home/projects/bagon/shared/imagenet512/val/n02504013/ILSVRC2012_val_00004882.JPEG,1906,9.502034198842011,0.0009999042376875877,1.7297843139466325,0.7735151865302835,0.4380719984610124,35096
21,/home/projects/bagon/shared/imagenet512/val/n04476259/ILSVRC2012_val_00002080.JPEG,13,0.042832130508031696,0.0009733468177728355,0.009965515119787487,0.014489842652204986,0.08671921234273952,35215
22,/home/projects/bagon/shared/imagenet512/val/n03223299/ILSVRC2012_val_00001893.JPEG,1082,6.963852582848631,0.0009882333688437939,5.335335980334024,0.9776635388329664,0.5437986730585673,35331
23,/home/projects/bagon/shared/imagenet512/val/n03933933/ILSVRC2012_val_00031244.JPEG,467,1.6754702106118202,0.0009991897968575358,0.19510134232961532,0.1423513966882923,0.3202787474210189,35604
24,/home/projects/bagon/shared/imagenet512/val/n02098413/ILSVRC2012_val_00033278.JPEG,1381,4.024919010349549,0.0009995469590649009,0.2925418276145771,0.16023470866902953,0.22063308756459962,35912
25,/home/projects/bagon/shared/imagenet512/val/n04116512/ILSVRC2012_val_00049481.JPEG,1052,4.5650486355880275,0.0009997851448133588,1.120787164402945,0.5432540924316295,0.2854822239616156,35913
26,/home/projects/bagon/shared/imagenet512/val/n07684084/ILSVRC2012_val_00022011.JPEG,1395,5.934926907531917,0.000998832518234849,1.783947923218241,0.6050905709112947,0.286882226851517,35918
27,/home/projects/bagon/shared/imagenet512/val/n01773549/ILSVRC2012_val_00007882.JPEG,1381,5.450271727750078,0.0009996660519391298,0.6289771948427614,0.4918557794069375,0.35870509242276855,35964
28,/home/projects/bagon/shared/imagenet512/val/n02167151/ILSVRC2012_val_00022537.JPEG,1463,7.702577022253536,0.0009999042376875877,1.9575022085982166,0.9108244162265062,0.2908578425209102,35977
29,/home/projects/bagon/shared/imagenet512/val/n02749479/ILSVRC2012_val_00039278.JPEG,943,3.4644045382738113,0.0009990707039833069,1.0429740679762063,0.7489780592810803,0.29398388855376745,36008
30,/home/projects/bagon/shared/imagenet512/val/n02840245/ILSVRC2012_val_00031888.JPEG,951,5.0107048832578585,0.0009993088897317648,2.3401240344487504,0.8743067495918638,0.48219845686223267,36325
31,/home/projects/bagon/shared/imagenet512/val/n01784675/ILSVRC2012_val_00011629.JPEG,1100,6.2282957000425085,0.0009999042376875877,2.9735609325630628,0.9806118515451172,0.33113218266951366,36389
32,/home/projects/bagon/shared/imagenet512/val/n02107683/ILSVRC2012_val_00016462.JPEG,1809,10.671886719763279,0.0009995469590649009,2.887773883708677,0.6016987614779794,0.37980523645507425,36435
33,/home/projects/bagon/shared/imagenet512/val/n04044716/ILSVRC2012_val_00021879.JPEG,883,2.5776260970160365,0.0009994279826059937,0.23770900732300412,0.16656207196017428,0.42766419046891246,36501
34,/home/projects/bagon/shared/imagenet512/val/n01728572/ILSVRC2012_val_00040658.JPEG,793,4.687650179490447,0.0009995469590649009,0.20372825657881297,0.09001472138177379,0.22203014626813367,36505
35,/home/projects/bagon/shared/imagenet512/val/n02791270/ILSVRC2012_val_00033006.JPEG,1061,3.985717340838164,0.000998832518234849,0.6296074525389957,0.5700693006136557,0.29513644709302433,36591
36,/home/projects/bagon/shared/imagenet512/val/n02088632/ILSVRC2012_val_00013962.JPEG,1064,6.956529119750485,0.0009984752396121621,1.4437477967664516,0.9217153270726379,0.33469205606226515,36648
37,/home/projects/bagon/shared/imagenet512/val/n03347037/ILSVRC2012_val_00036332.JPEG,1028,5.090547134866938,0.0009997851448133588,1.8796400873868766,0.776276038946623,0.39499100525191677,36670
38,/home/projects/bagon/shared/imagenet512/val/n03125729/ILSVRC2012_val_00004193.JPEG,1726,8.194191335816868,0.0009995469590649009,0.8219668498866269,0.8780704463846452,0.23591123509889877,36752
39,/home/projects/bagon/shared/imagenet512/val/n03995372/ILSVRC2012_val_00037971.JPEG,1458,7.407677524373867,0.0009996660519391298,2.559669096285938,0.8963561648729321,0.3485118061289254,36762
40,/home/projects/bagon/shared/imagenet512/val/n02749479/ILSVRC2012_val_00012081.JPEG,780,10.725980818620883,0.0009999042376875877,1.156461603520761,0.4126652935596247,0.28694904277011524,36768
41,/home/projects/bagon/shared/imagenet512/val/n04350905/ILSVRC2012_val_00023302.JPEG,1989,6.998029124340974,0.0009997851448133588,0.3316597065525767,0.303964564319818,0.31495613437063386,36959
42,/home/projects/bagon/shared/imagenet512/val/n04120489/ILSVRC2012_val_00017319.JPEG,1741,7.491179500124417,0.0009999042376875877,1.1353836188648834,0.34519726941175094,0.44050980466800416,36994
43,/home/projects/bagon/shared/imagenet512/val/n03961711/ILSVRC2012_val_00045246.JPEG,1300,4.863098584464751,0.0009995469590649009,1.0370976396587714,0.43475299482111607,0.3107964015909436,37124
44,/home/projects/bagon/shared/imagenet512/val/n04192698/ILSVRC2012_val_00031758.JPEG,1167,3.8996281523723155,0.0009995469590649009,0.5690052105917349,0.22936408375946463,0.20443404494894163,37414
45,/home/projects/bagon/shared/imagenet512/val/n03998194/ILSVRC2012_val_00039904.JPEG,1653,8.369870396563783,0.0009990707039833069,1.313784581896126,0.716569197060896,0.18347512926409598,37427
46,/home/projects/bagon/shared/imagenet512/val/n04493381/ILSVRC2012_val_00037884.JPEG,281,3.9989629519404843,0.00099871342536062,2.01264302561261,0.8069590262460701,0.2428106409215412,37471
47,/home/projects/bagon/shared/imagenet512/val/n02105251/ILSVRC2012_val_00035800.JPEG,1417,6.259433242958039,0.0009982370538637042,2.159817350141334,0.9245495215705948,0.28434404256671886,37484
48,/home/projects/bagon/shared/imagenet512/val/n07860988/ILSVRC2012_val_00035441.JPEG,1442,5.414104607189074,0.0009999042376875877,0.9317778361626938,0.5930724660711767,0.28499941851790694,37559
49,/home/projects/bagon/shared/imagenet512/val/n04264628/ILSVRC2012_val_00023822.JPEG,971,8.35523958131671,0.000998951611109078,0.6620730010748163,0.5377083131608141,0.2572877456998143,37580
50,/home/projects/bagon/shared/imagenet512/val/n03661043/ILSVRC2012_val_00018849.JPEG,1066,4.147164484951645,0.0009993088897317648,0.6162360379288156,0.32845463212824216,0.27412308722614454,37656
51,/home/projects/bagon/shared/imagenet512/val/n04228054/ILSVRC2012_val_00045954.JPEG,1849,7.945253872312605,0.0009999042376875877,1.6005292310844543,0.7720393511221613,0.312929051101742,37661
52,/home/projects/bagon/shared/imagenet512/val/n04239074/ILSVRC2012_val_00047799.JPEG,214,0.6300004943041131,0.0009975224966183305,0.14275988487864003,0.11086035852878204,0.13103158090422745,37666
53,/home/projects/bagon/shared/imagenet512/val/n07716906/ILSVRC2012_val_00025007.JPEG,1040,5.875426421989687,0.000998832518234849,1.969003022580569,0.8787885904933708,0.14334204231372327,37714
54,/home/projects/bagon/shared/imagenet512/val/n04192698/ILSVRC2012_val_00008649.JPEG,1101,20.166445447364822,0.0009990707039833069,143.25717909955478,0.8180438385071208,0.37657278506805214,37779
55,/home/projects/bagon/shared/imagenet512/val/n04357314/ILSVRC2012_val_00020060.JPEG,510,6.935957802925259,0.0009984752396121621,288.23638526432063,0.7641625509764362,0.35945454181853126,37873
56,/home/projects/bagon/shared/imagenet512/val/n03131574/ILSVRC2012_val_00034262.JPEG,1514,9.827159448061138,0.0009994279826059937,0.9953472812498066,0.3015855653320594,0.4009146952427896,37903
57,/home/projects/bagon/shared/imagenet512/val/n03720891/ILSVRC2012_val_00027453.JPEG,1283,11.336227444233373,0.0009996660519391298,7.990335475037214,0.4775522283725491,0.29851289248127866,37925
58,/home/projects/bagon/shared/imagenet512/val/n02086240/ILSVRC2012_val_00031191.JPEG,1311,12.175396875245497,0.000990377040579915,3.8502203698763724,0.839710864531789,0.15843785314191344,38009
59,/home/projects/bagon/shared/imagenet512/val/n04004767/ILSVRC2012_val_00005920.JPEG,2430,38.4605476167053,0.0009997851448133588,2.8679003547965163,0.7008460298004361,0.5493135355763956,38073
60,/home/projects/bagon/shared/imagenet512/val/n03216828/ILSVRC2012_val_00040097.JPEG,812,3.032315814984031,0.0009977606823667884,0.2610704872499352,0.13677801357199637,0.13325660745286158,38146
61,/home/projects/bagon/shared/imagenet512/val/n02971356/ILSVRC2012_val_00013773.JPEG,974,10.573530343943276,0.0009996660519391298,1.948199380757675,0.8803840356824977,0.23961498840272794,38308
62,/home/projects/bagon/shared/imagenet512/val/n01855032/ILSVRC2012_val_00035647.JPEG,1544,9.568815783131868,0.0009999042376875877,2.294868283397868,0.9779657066809591,0.384178065549215,38316
63,/home/projects/bagon/shared/imagenet512/val/n02114712/ILSVRC2012_val_00017363.JPEG,1714,5.286332501098514,0.0009995469590649009,0.62703998607528,0.5224149932090779,0.33707096062054576,38320
64,/home/projects/bagon/shared/imagenet512/val/n01682714/ILSVRC2012_val_00028042.JPEG,1308,4.321567686391063,0.0009995469590649009,0.5291024930370783,0.612439030058774,0.3848020375753692,38345
65,/home/projects/bagon/shared/imagenet512/val/n01667114/ILSVRC2012_val_00032700.JPEG,1932,8.47244881966617,0.0009996660519391298,0.6296832842356812,0.22426971244999042,0.5122991250388551,38355
66,/home/projects/bagon/shared/imagenet512/val/n02607072/ILSVRC2012_val_00025226.JPEG,1264,13.826737889205106,0.0009972843108698726,1.399179900401477,0.629213852048607,0.3225333852746036,38379
67,/home/projects/bagon/shared/imagenet512/val/n02319095/ILSVRC2012_val_00043765.JPEG,1084,5.796478289295919,0.0009991897968575358,0.916883526850384,0.5280526742484273,0.26259652008507406,38390
68,/home/projects/bagon/shared/imagenet512/val/n01784675/ILSVRC2012_val_00009716.JPEG,1206,4.609583038953133,0.0009999042376875877,1.7837737857066236,0.781462765783533,0.2506073871988103,38419
69,/home/projects/bagon/shared/imagenet512/val/n03220513/ILSVRC2012_val_00012282.JPEG,1773,10.205252791987732,0.0009993088897317648,1.4630488944510993,0.9454065087906454,0.27517446279942,38471
70,/home/projects/bagon/shared/imagenet512/val/n04259630/ILSVRC2012_val_00049518.JPEG,1440,5.355087738134898,0.0009995469590649009,0.32709844438008256,0.308454041334794,0.32417551066113187,38523
71,/home/projects/bagon/shared/imagenet512/val/n04357314/ILSVRC2012_val_00002185.JPEG,956,4.107191741815768,0.0009994279826059937,1.1471450590944228,0.686523506650452,0.31121481338335033,38564
72,/home/projects/bagon/shared/imagenet512/val/n02113712/ILSVRC2012_val_00029675.JPEG,361,2.477650952525437,0.0009889479260891676,0.6727556681886708,0.41019037156122257,0.14610904164280392,38575
73,/home/projects/bagon/shared/imagenet512/val/n09332890/ILSVRC2012_val_00032615.JPEG,498,3.3775485528167337,0.0009868042543530464,0.9115794703035018,0.7603301379177112,0.23018987842426855,38587
74,/home/projects/bagon/shared/imagenet512/val/n02807133/ILSVRC2012_val_00042154.JPEG,1486,5.9432919409591705,0.0009994279826059937,0.6773909354329367,0.3847823375809682,0.25151238204941023,38715
75,/home/projects/bagon/shared/imagenet512/val/n03803284/ILSVRC2012_val_00014884.JPEG,1705,9.089081453275867,0.0009984752396121621,1.874088839114698,0.8562438239470307,0.180467564715283,38732
76,/home/projects/bagon/shared/imagenet512/val/n07248320/ILSVRC2012_val_00013850.JPEG,1276,4.822370128822513,0.0009976415894925594,1.8699248446752847,0.8151195781019931,0.20295458886313927,38765
77,/home/projects/bagon/shared/imagenet512/val/n04328186/ILSVRC2012_val_00010517.JPEG,995,4.932367820176296,0.0009991897968575358,1.078409637123307,0.6391134807031886,0.24008636159192678,38790
78,/home/projects/bagon/shared/imagenet512/val/n02730930/ILSVRC2012_val_00027370.JPEG,1595,14.622261314536445,0.0009996660519391298,1.8413440554834732,0.7109505637090184,0.2788709257876667,38792
79,/home/projects/bagon/shared/imagenet512/val/n03666591/ILSVRC2012_val_00036824.JPEG,20,0.08641563373384997,0.0009714413317851722,0.01948091644003619,0.02301755019359043,0.1425747940220557,38805
80,/home/projects/bagon/shared/imagenet512/val/n03197337/ILSVRC2012_val_00004039.JPEG,1132,2.316146432538517,0.0009991897968575358,0.16811817392689035,0.1405072304750941,0.2563033461183534,38833
81,/home/projects/bagon/shared/imagenet512/val/n02699494/ILSVRC2012_val_00044658.JPEG,1045,7.865891481516883,0.0009993088897317648,2.4281843677986914,0.9695189375761519,0.08772355692906515,38861
82,/home/projects/bagon/shared/imagenet512/val/n03347037/ILSVRC2012_val_00020944.JPEG,994,4.781952996039763,0.0009993088897317648,0.7488297414297364,0.3552022544472681,0.28832876972261834,38872
83,/home/projects/bagon/shared/imagenet512/val/n03014705/ILSVRC2012_val_00041519.JPEG,1699,14.213002688833512,0.0009999042376875877,1.063891840759345,0.41386124557080817,0.3207355363279664,38875
84,/home/projects/bagon/shared/imagenet512/val/n13133613/ILSVRC2012_val_00008281.JPEG,1531,5.136723815114237,0.0009995469590649009,0.47505881004004996,0.5652405261687092,0.32787166969662906,38926
85,/home/projects/bagon/shared/imagenet512/val/n02655020/ILSVRC2012_val_00009982.JPEG,1779,11.403325151186436,0.0009999042376875877,0.8638045432638473,0.531889684764548,0.4012232951439537,39001
86,/home/projects/bagon/shared/imagenet512/val/n01985128/ILSVRC2012_val_00031589.JPEG,1676,17.467137594823726,0.0009999042376875877,8.583822851177969,0.9375901270169982,0.606953674677998,39012
87,/home/projects/bagon/shared/imagenet512/val/n01665541/ILSVRC2012_val_00023654.JPEG,1733,5.878505660570227,0.0009995469590649009,0.7032792410875404,0.2911577496885562,0.20053785573174038,39015
88,/home/projects/bagon/shared/imagenet512/val/n03595614/ILSVRC2012_val_00004708.JPEG,1083,35.68545082747005,0.000998951611109078,0.9233375476908575,0.17871235418250692,0.2459020058390415,39024
89,/home/projects/bagon/shared/imagenet512/val/n04476259/ILSVRC2012_val_00045380.JPEG,-1,nan,nan,nan,nan,nan,39096
90,/home/projects/bagon/shared/imagenet512/val/n03956157/ILSVRC2012_val_00048866.JPEG,1858,6.843665068503469,0.0009993088897317648,0.9338818411332382,0.6139329461667651,0.3277864606228569,39207
91,/home/projects/bagon/shared/imagenet512/val/n07615774/ILSVRC2012_val_00002619.JPEG,1018,8.639086417388171,0.0009996660519391298,2.592796923950801,0.7986636506832582,0.5225674559291212,39220
92,/home/projects/bagon/shared/imagenet512/val/n04584207/ILSVRC2012_val_00015105.JPEG,1184,22.916570554370992,0.0009990707039833069,2.4970484997068647,0.9930067282243406,0.30235788908433847,39243
93,/home/projects/bagon/shared/imagenet512/val/n07590611/ILSVRC2012_val_00027821.JPEG,1142,5.253707980038598,0.0009993088897317648,0.9632083414652866,0.7669259509890709,0.2164171387277357,39253
94,/home/projects/bagon/shared/imagenet512/val/n01755581/ILSVRC2012_val_00000749.JPEG,1979,7.138558282167651,0.0009999042376875877,0.688370544531453,0.37789236293465567,0.413907502089438,39257
95,/home/projects/bagon/shared/imagenet512/val/n02326432/ILSVRC2012_val_00037546.JPEG,915,3.8659553235629573,0.0009991897968575358,0.6053109400593218,0.7439273314084988,0.18158224512837062,39260
96,/home/projects/bagon/shared/imagenet512/val/n02823428/ILSVRC2012_val_00004371.JPEG,1610,6.699169880943373,0.0009981179609894753,0.9568552789683861,0.45152821305794966,0.2637800612274377,39261
97,/home/projects/bagon/shared/imagenet512/val/n01877812/ILSVRC2012_val_00019977.JPEG,2281,9.577856777701527,0.0009995469590649009,0.9280610976199898,0.6517274538540867,0.4816405422245503,39268
98,/home/projects/bagon/shared/imagenet512/val/n09399592/ILSVRC2012_val_00040543.JPEG,1475,5.206558809964918,0.0009995469590649009,0.9217228972245237,0.48862474464473477,0.40818321879296704,39276
99,/home/projects/bagon/shared/imagenet512/val/n04041544/ILSVRC2012_val_00002165.JPEG,1767,6.349107549875043,0.0009996660519391298,0.877729655902597,0.6298131867215238,0.5737847346971083,39307
100,/home/projects/bagon/shared/imagenet512/val/n04311004/ILSVRC2012_val_00027197.JPEG,1632,6.020387764670886,0.0009994279826059937,1.1230290003219265,0.7891973055069278,0.2855263190856992,39313
101,/home/projects/bagon/shared/imagenet512/val/n03903868/ILSVRC2012_val_00024519.JPEG,982,4.624271993292496,0.0009996660519391298,0.4339725002618485,0.2656994229761392,0.34530064593724846,39353
102,/home/projects/bagon/shared/imagenet512/val/n03761084/ILSVRC2012_val_00003754.JPEG,1492,7.79507735662628,0.0009997851448133588,0.6605721179943261,0.9495127963179925,0.20007860195474986,39356
103,/home/projects/bagon/shared/imagenet512/val/n07836838/ILSVRC2012_val_00013657.JPEG,1260,7.437046091537923,0.0009952597320079803,1.9075372667916213,0.8150001663405556,0.14957326562934037,39366
104,/home/projects/bagon/shared/imagenet512/val/n03832673/ILSVRC2012_val_00022184.JPEG,1212,20.555561704793945,0.0009991897968575358,0.42136741164812913,0.558675991124264,0.3247444889848675,39367
105,/home/projects/bagon/shared/imagenet512/val/n03014705/ILSVRC2012_val_00009540.JPEG,1316,6.083630000241101,0.0009991897968575358,2.04970870108246,0.9061737049970768,0.4780019763643827,39424
106,/home/projects/bagon/shared/imagenet512/val/n03041632/ILSVRC2012_val_00014608.JPEG,1552,3.6486753196222708,0.0009999042376875877,0.8911771458283858,0.40759074631467085,0.33617039708695706,39426
107,/home/projects/bagon/shared/imagenet512/val/n03785016/ILSVRC2012_val_00004104.JPEG,1689,6.101059442851692,0.0009997851448133588,0.5415582425044244,0.5573058463796852,0.2704261469998149,39433
108,/home/projects/bagon/shared/imagenet512/val/n04485082/ILSVRC2012_val_00008143.JPEG,1446,4.904176736716181,0.00099871342536062,1.4748422836351491,0.6950304947146146,0.40316738491722154,39465
109,/home/projects/bagon/shared/imagenet512/val/n03095699/ILSVRC2012_val_00049475.JPEG,1402,6.025396458688192,0.0009997851448133588,0.25042106954949805,0.1412404205920141,0.21928292304962013,39490
110,/home/projects/bagon/shared/imagenet512/val/n04116512/ILSVRC2012_val_00007146.JPEG,805,3.7778978645801544,0.0009997851448133588,1.3099424101153492,0.6908137499511731,0.225249685492902,39501
111,/home/projects/bagon/shared/imagenet512/val/n02808440/ILSVRC2012_val_00049673.JPEG,1926,9.2536623243941,0.0009997851448133588,0.5356276064686218,0.4900149448300223,0.3023734232396742,39508
112,/home/projects/bagon/shared/imagenet512/val/n03637318/ILSVRC2012_val_00048879.JPEG,1389,11.807190772611648,0.000998594332486391,1.7579297334932278,0.8873059158488857,0.11099669055157221,39509
113,/home/projects/bagon/shared/imagenet512/val/n03595614/ILSVRC2012_val_00004115.JPEG,1829,5.272212366224267,0.0009999042376875877,0.2857958583490354,0.15820002202773054,0.31987411218068434,39526
114,/home/projects/bagon/shared/imagenet512/val/n07742313/ILSVRC2012_val_00008128.JPEG,1751,8.053708102903329,0.0009995469590649009,1.028294163572354,0.9351402465982441,0.2150670492520511,39572
115,/home/projects/bagon/shared/imagenet512/val/n04525038/ILSVRC2012_val_00004739.JPEG,1098,7.80287606222555,0.0009990707039833069,2.6926264711877397,0.9929100055766253,0.22671688667011117,39630
116,/home/projects/bagon/shared/imagenet512/val/n04049303/ILSVRC2012_val_00004156.JPEG,130,0.48996585770510137,0.0009990707039833069,0.11469558744075568,0.12794164803275473,0.11046944272753043,39657
117,/home/projects/bagon/shared/imagenet512/val/n02807133/ILSVRC2012_val_00041891.JPEG,1059,4.069273797096685,0.0009979988681152463,0.4164596962995044,0.2722468343021661,0.23328087004724896,39659
118,/home/projects/bagon/shared/imagenet512/val/n02364673/ILSVRC2012_val_00006354.JPEG,833,7.2206482467008755,0.0009924016194418073,15.841591147664142,0.9896775874719264,0.19146656737778958,39663
119,/home/projects/bagon/shared/imagenet512/val/n03000247/ILSVRC2012_val_00024156.JPEG,2180,9.120371333905496,0.0009996660519391298,0.6263607848033262,0.24210183790649514,0.2898996155487864,39668
120,/home/projects/bagon/shared/imagenet512/val/n03895866/ILSVRC2012_val_00017034.JPEG,1275,7.30802619131282,0.0009995469590649009,1.641405283341466,0.6833249301631049,0.30181033092706644,39684
121,/home/projects/bagon/shared/imagenet512/val/n02791124/ILSVRC2012_val_00007038.JPEG,1271,4.164045045967214,0.0009997851448133588,0.3663942580837747,0.5915261854578002,0.2736802188454939,39715
122,/home/projects/bagon/shared/imagenet512/val/n03355925/ILSVRC2012_val_00006661.JPEG,47,0.1512344458606094,0.000987876090221107,0.03025653786138942,0.03139405666478243,0.21020101985614606,39718
123,/home/projects/bagon/shared/imagenet512/val/n03770439/ILSVRC2012_val_00047661.JPEG,19,0.07832734938710928,0.0009784678695723414,0.019945920953613368,0.030538828242180002,0.15708235099237222,39763
124,/home/projects/bagon/shared/imagenet512/val/n04380533/ILSVRC2012_val_00030598.JPEG,657,29.740044381585903,0.0009996660519391298,0.9098774416682037,0.5799277096910809,0.361613320490768,39774
125,/home/projects/bagon/shared/imagenet512/val/n04118776/ILSVRC2012_val_00027604.JPEG,1382,12.774606509599835,0.000993592431768775,1.6494762939911425,0.9985116896254792,0.28561677924896217,39788
126,/home/projects/bagon/shared/imagenet512/val/n03899768/ILSVRC2012_val_00003941.JPEG,1719,42.3956380788004,0.0009990707039833069,3.682235931170544,0.3175005638835036,0.8433164093288833,39802
127,/home/projects/bagon/shared/imagenet512/val/n04265275/ILSVRC2012_val_00037493.JPEG,111,0.8789468035101891,0.0009896624833345413,0.19983789573195704,0.1358335386468083,0.23901874195060405,39831
128,/home/projects/bagon/shared/imagenet512/val/n03873416/ILSVRC2012_val_00044912.JPEG,1623,18.287781637976877,0.0009990707039833069,0.9051621751442788,0.7451560452773095,0.2367626358717639,39840
129,/home/projects/bagon/shared/imagenet512/val/n01530575/ILSVRC2012_val_00023766.JPEG,1415,18.041041943826713,0.0009999042376875877,2.189115740129162,0.771110423161836,0.3595336323475288,39871
130,/home/projects/bagon/shared/imagenet512/val/n03666591/ILSVRC2012_val_00025964.JPEG,1158,3.0339761183131486,0.0009995469590649009,0.3870434053031538,0.40084458064098205,0.5043728625266576,39935
131,/home/projects/bagon/shared/imagenet512/val/n02085620/ILSVRC2012_val_00016757.JPEG,1763,6.233352544251829,0.0009996660519391298,1.2138505200363432,0.6591121969109778,0.3028150570306227,39943
132,/home/projects/bagon/shared/imagenet512/val/n04443257/ILSVRC2012_val_00015366.JPEG,811,7.370490625035018,0.00099871342536062,1.9095875915872986,0.9628569693078046,0.2549878109150392,39944
133,/home/projects/bagon/shared/imagenet512/val/n04204347/ILSVRC2012_val_00041108.JPEG,1667,12.065803348552436,0.0009994279826059937,1.2962342479798656,0.9429824927835174,0.219523985271935,39950
134,/home/projects/bagon/shared/imagenet512/val/n02948072/ILSVRC2012_val_00032008.JPEG,740,11.345823094714433,0.0009995469590649009,2.4402371556881244,0.9691724317132486,0.30692790770102524,39977
135,/home/projects/bagon/shared/imagenet512/val/n03759954/ILSVRC2012_val_00033438.JPEG,872,7.352839041617699,0.0009996660519391298,2.0248879490913705,0.8738782916313215,0.314279346281524,39998
136,/home/projects/bagon/shared/imagenet512/val/n01784675/ILSVRC2012_val_00040763.JPEG,1700,22.493549925857224,0.0009899006690829992,2.392427622461733,0.996537363341302,0.3828899025869594,40000
137,/home/projects/bagon/shared/imagenet512/val/n02089973/ILSVRC2012_val_00011586.JPEG,1183,5.647819357109256,0.0009994279826059937,0.8542101918567668,0.5920317534267134,0.356797914843308,40006
138,/home/projects/bagon/shared/imagenet512/val/n04592741/ILSVRC2012_val_00018081.JPEG,723,2.493493179208599,0.0009996660519391298,0.6989065659408478,0.5163907270838136,0.380537418010397,40013
139,/home/projects/bagon/shared/imagenet512/val/n02840245/ILSVRC2012_val_00044322.JPEG,2057,11.846807823632844,0.0009977606823667884,2.1679545781987497,0.821237528751226,0.37999467853576324,40034
140,/home/projects/bagon/shared/imagenet512/val/n03792782/ILSVRC2012_val_00015867.JPEG,1818,8.085247766110115,0.00099871342536062,1.1943129318629524,0.694679946188736,0.3027696443873308,40140
141,/home/projects/bagon/shared/imagenet512/val/n02009229/ILSVRC2012_val_00003659.JPEG,1136,5.994052974274382,0.0009996660519391298,1.6315397580184454,0.8595518114768932,0.38390662311600166,40158
142,/home/projects/bagon/shared/imagenet512/val/n03908618/ILSVRC2012_val_00008762.JPEG,864,3.270188696682453,0.0009997851448133588,0.7877866606402482,0.6632602227849351,0.31384438677096693,40174
143,/home/projects/bagon/shared/imagenet512/val/n02672831/ILSVRC2012_val_00025574.JPEG,1163,6.290926602319814,0.0009964506607502699,1.6609750579893665,0.7010770265055757,0.3094162244432386,40184
144,/home/projects/bagon/shared/imagenet512/val/n01773549/ILSVRC2012_val_00030120.JPEG,1583,5.294986288645305,0.0009995469590649009,0.6780643802446135,0.7351519742295816,0.27101490906772846,40198
145,/home/projects/bagon/shared/imagenet512/val/n09288635/ILSVRC2012_val_00037151.JPEG,1537,20.469468025141396,0.0009996660519391298,1.944359129758415,0.5884317813671398,0.3943243754832497,40208
146,/home/projects/bagon/shared/imagenet512/val/n02106030/ILSVRC2012_val_00035592.JPEG,1152,5.664194241515361,0.0009995469590649009,0.8282275825892079,0.3611522204921035,0.33903287368956575,40212
147,/home/projects/bagon/shared/imagenet512/val/n04523525/ILSVRC2012_val_00018433.JPEG,1072,26.418766885530204,0.0009984752396121621,2.08035629671725,0.9652723246644161,0.4436948096985561,40219
148,/home/projects/bagon/shared/imagenet512/val/n04039381/ILSVRC2012_val_00044264.JPEG,1027,3.6110491449944675,0.0009997851448133588,1.8127570644955209,0.5493076082311684,0.18810834219374928,40251
149,/home/projects/bagon/shared/imagenet512/val/n02396427/ILSVRC2012_val_00043558.JPEG,1376,8.115408258512616,0.0009994279826059937,1.0507577951113667,0.675466675339022,0.32559945467532947,40284
150,/home/projects/bagon/shared/imagenet512/val/n04380533/ILSVRC2012_val_00002264.JPEG,255,0.7104121573502198,0.0009990707039833069,0.10764436596292905,0.10708636285308083,0.08056456342179172,40289
151,/home/projects/bagon/shared/imagenet512/val/n04265275/ILSVRC2012_val_00028998.JPEG,767,27.032594465650618,0.0009991897968575358,2.770887657359268,0.910884948163379,0.3224329675623661,40317
152,/home/projects/bagon/shared/imagenet512/val/n02097047/ILSVRC2012_val_00045674.JPEG,1770,7.592232789727859,0.0009999042376875877,0.5206616286534659,0.3290768362011976,0.6020669908146682,40331
153,/home/projects/bagon/shared/imagenet512/val/n04192698/ILSVRC2012_val_00018970.JPEG,1278,6.12442174134776,0.0009996660519391298,23.661260632500717,0.8196993044362627,0.17731038967989254,40362
154,/home/projects/bagon/shared/imagenet512/val/n03630383/ILSVRC2012_val_00015323.JPEG,1289,5.755969349411316,0.00099871342536062,0.8020252516312684,0.6051397709071675,0.28623381370261447,40377
155,/home/projects/bagon/shared/imagenet512/val/n03866082/ILSVRC2012_val_00009424.JPEG,1223,3.2648246260359883,0.0009996660519391298,0.41604620128530884,0.27166185790437514,0.23676773545752894,40390
156,/home/projects/bagon/shared/imagenet512/val/n07717410/ILSVRC2012_val_00011443.JPEG,1818,7.9768094077007845,0.0009990707039833069,2.858903120766151,0.9396726920852899,0.24632105953355085,40396
157,/home/projects/bagon/shared/imagenet512/val/n02226429/ILSVRC2012_val_00039032.JPEG,2877,10.268973015248775,0.0009999042376875877,0.4557191529703083,0.5974000723870603,0.3872527702151322,40430
158,/home/projects/bagon/shared/imagenet512/val/n02916936/ILSVRC2012_val_00013620.JPEG,797,11.969050205196254,0.0009995469590649009,53.047954709286024,0.977884481312021,0.4175012394771771,40437
159,/home/projects/bagon/shared/imagenet512/val/n09246464/ILSVRC2012_val_00035485.JPEG,2289,9.899930731044151,0.0009997851448133588,1.6490839016299117,0.803296351788234,0.3755510900187682,40452
160,/home/projects/bagon/shared/imagenet512/val/n04285008/ILSVRC2012_val_00037952.JPEG,1892,7.928929746733047,0.0009993088897317648,0.6593317763715615,0.5442919969657962,0.23779769542715817,40457
161,/home/projects/bagon/shared/imagenet512/val/n03803284/ILSVRC2012_val_00015228.JPEG,934,8.751820358331315,0.0009996660519391298,2.103758285710282,0.9945359138913423,0.18127872670240142,40513
162,/home/projects/bagon/shared/imagenet512/val/n03075370/ILSVRC2012_val_00032920.JPEG,1010,29.069317130488344,0.0009999042376875877,2.1041346955459463,0.900345722103869,0.39486358031764446,40522
163,/home/projects/bagon/shared/imagenet512/val/n03179701/ILSVRC2012_val_00036160.JPEG,1237,4.652912923134863,0.0009993088897317648,0.7342171393132523,0.6508367612696281,0.24561970693953325,40556
164,/home/projects/bagon/shared/imagenet512/val/n04141327/ILSVRC2012_val_00027852.JPEG,1854,8.963487736531533,0.0009997851448133588,2.3727123896730204,0.9009251676017817,0.2937588309502871,40568
165,/home/projects/bagon/shared/imagenet512/val/n02108551/ILSVRC2012_val_00029976.JPEG,2276,11.511391034466214,0.0009996660519391298,1.0061816417981577,0.7049916364276586,0.4601247080712617,40584
166,/home/projects/bagon/shared/imagenet512/val/n03742115/ILSVRC2012_val_00019217.JPEG,957,4.2387263517593965,0.0009940688032656908,0.8730211446423125,0.6721387493801078,0.47636460087126353,40587
167,/home/projects/bagon/shared/imagenet512/val/n01748264/ILSVRC2012_val_00036217.JPEG,1616,7.846840140642598,0.0009995469590649009,1.0685803429144922,0.8140980461750018,0.38657051205507287,40598
168,/home/projects/bagon/shared/imagenet512/val/n04275548/ILSVRC2012_val_00040594.JPEG,2307,16.11708817782346,0.0009991897968575358,1.9134350963535232,0.975207968368925,0.3245575976251741,40611
169,/home/projects/bagon/shared/imagenet512/val/n04200800/ILSVRC2012_val_00049275.JPEG,187,0.6204878236167133,0.0009999042376875877,0.09404703886333443,0.0659540605880404,0.0967868591717991,40612
170,/home/projects/bagon/shared/imagenet512/val/n03594734/ILSVRC2012_val_00008023.JPEG,1013,7.695936643285677,0.0009999042376875877,2.0278835172350607,0.9911330357800023,0.23432129800181675,40616
171,/home/projects/bagon/shared/imagenet512/val/n02098413/ILSVRC2012_val_00011063.JPEG,1203,18.00806134357117,0.000998594332486391,0.9947567485909082,0.8377884099192938,0.21150094352829157,40624
172,/home/projects/bagon/shared/imagenet512/val/n03630383/ILSVRC2012_val_00020085.JPEG,1341,6.822466368903406,0.0009996660519391298,0.7994507917790591,0.921218432778786,0.3438818987899137,40653
173,/home/projects/bagon/shared/imagenet512/val/n03461385/ILSVRC2012_val_00016284.JPEG,1338,4.715209535555914,0.0009996660519391298,0.9296346329835312,0.7043131701117613,0.20542798627689426,40673
174,/home/projects/bagon/shared/imagenet512/val/n03630383/ILSVRC2012_val_00023980.JPEG,947,5.939540450461209,0.0009996660519391298,0.7090305692069269,0.422894601479243,0.2033884326118702,40706
175,/home/projects/bagon/shared/imagenet512/val/n04525038/ILSVRC2012_val_00005602.JPEG,712,4.342805127729662,0.00099871342536062,2.6892137506680878,0.8518763596471971,0.3221746742992294,40712
176,/home/projects/bagon/shared/imagenet512/val/n03100240/ILSVRC2012_val_00020673.JPEG,1594,7.652017486281693,0.0009996660519391298,5.75800394877692,0.8788625064632773,0.36918335112564993,40726
177,/home/projects/bagon/shared/imagenet512/val/n04389033/ILSVRC2012_val_00048799.JPEG,1291,7.0567698436789215,0.0009921634336933494,1.8897392401958022,0.9534283648893287,0.2930512608795708,40729
178,/home/projects/bagon/shared/imagenet512/val/n02093428/ILSVRC2012_val_00045238.JPEG,1261,6.080426530796103,0.0009893052047118545,2.1805864111273916,0.8994470359328847,0.12411809975185528,40734
179,/home/projects/bagon/shared/imagenet512/val/n02526121/ILSVRC2012_val_00030260.JPEG,974,4.373740405542776,0.0009984752396121621,1.3647768889075234,0.886596907136936,0.21039187902135267,40790
180,/home/projects/bagon/shared/imagenet512/val/n03770679/ILSVRC2012_val_00013466.JPEG,1978,9.11846542893909,0.0009995469590649009,1.344597773683803,0.9374629701198343,0.4087973072819596,40793
181,/home/projects/bagon/shared/imagenet512/val/n01796340/ILSVRC2012_val_00005100.JPEG,1910,6.397893069195561,0.0009991897968575358,1.6036672704310577,0.7169721920853998,0.29555962830056476,40811
182,/home/projects/bagon/shared/imagenet512/val/n04265275/ILSVRC2012_val_00048836.JPEG,743,3.1315964261302724,0.000998832518234849,0.8367454571390073,0.6804780492242438,0.292334240962844,40821
183,/home/projects/bagon/shared/imagenet512/val/n03063689/ILSVRC2012_val_00029788.JPEG,547,2.8241024430608377,0.0009990707039833069,0.4671837039205334,0.5269821802672424,0.2881071344922318,40823
184,/home/projects/bagon/shared/imagenet512/val/n02098105/ILSVRC2012_val_00027820.JPEG,857,4.619304317282513,0.0009996660519391298,0.9017486673940938,0.574943453453198,0.2710086822576521,40847
185,/home/projects/bagon/shared/imagenet512/val/n03259280/ILSVRC2012_val_00043371.JPEG,1009,5.0875431064050645,0.0009990707039833069,11.394936925258035,0.8339946011628934,0.25629370810816055,40849
186,/home/projects/bagon/shared/imagenet512/val/n03680355/ILSVRC2012_val_00034238.JPEG,418,2.540941777639091,0.0009991897968575358,1.1863412029725526,0.6610639991370043,0.3025577175522135,40850
187,/home/projects/bagon/shared/imagenet512/val/n02815834/ILSVRC2012_val_00026649.JPEG,979,3.8150627058930695,0.0009999042376875877,0.8282080782252529,0.5585101342492004,0.19453152490418024,40871
188,/home/projects/bagon/shared/imagenet512/val/n03709823/ILSVRC2012_val_00001860.JPEG,1777,35.56202931399457,0.0009996660519391298,2.6461223561102196,0.8494103245792659,0.8920510834322627,40921
189,/home/projects/bagon/shared/imagenet512/val/n04486054/ILSVRC2012_val_00046244.JPEG,1604,7.20401085796766,0.0009997851448133588,3.796775332884516,0.8825185405050472,0.19357656804357007,40924
190,/home/projects/bagon/shared/imagenet512/val/n02843684/ILSVRC2012_val_00025083.JPEG,2863,12.554293292691,0.0009999042376875877,0.4394246376918439,0.2596705924999887,0.2566244140530479,40926
191,/home/projects/bagon/shared/imagenet512/val/n01667778/ILSVRC2012_val_00027859.JPEG,1669,7.356318716076203,0.0009996660519391298,0.5474827174090012,0.33956846651656014,0.3714777479153659,40949
192,/home/projects/bagon/shared/imagenet512/val/n03764736/ILSVRC2012_val_00034439.JPEG,330,0.8949456687550992,0.000998594332486391,0.09480917106050944,0.05966376443255361,0.07956260286995712,40955
193,/home/projects/bagon/shared/imagenet512/val/n07584110/ILSVRC2012_val_00011392.JPEG,-1,nan,nan,nan,nan,nan,40958
194,/home/projects/bagon/shared/imagenet512/val/n01740131/ILSVRC2012_val_00023015.JPEG,1183,4.376886541605927,0.0009999042376875877,1.1094742801043325,0.581263103591181,0.27244559403601637,40983
195,/home/projects/bagon/shared/imagenet512/val/n03933933/ILSVRC2012_val_00000652.JPEG,1366,8.556759740808047,0.0009999042376875877,2.5163313065470247,0.9817852067832221,0.4382589736989978,41006
196,/home/projects/bagon/shared/imagenet512/val/n04141076/ILSVRC2012_val_00006297.JPEG,1710,6.606895881006494,0.0009995469590649009,1.6744750748901327,0.8809957192919526,0.41444606396425415,41046
197,/home/projects/bagon/shared/imagenet512/val/n07615774/ILSVRC2012_val_00048151.JPEG,774,3.99107145704329,0.0009999042376875877,1.3089858541685793,0.7280691346436771,0.28811563653244854,41066
198,/home/projects/bagon/shared/imagenet512/val/n02114367/ILSVRC2012_val_00000912.JPEG,1459,4.051468127057888,0.0009971652179956436,0.28382522575826047,0.30542562686540947,0.14017506650940426,41111
199,/home/projects/bagon/shared/imagenet512/val/n02808440/ILSVRC2012_val_00048621.JPEG,-1,nan,nan,nan,nan,nan,41122
200,/home/projects/bagon/shared/imagenet512/val/n03063599/ILSVRC2012_val_00034882.JPEG,721,13.678774652304128,0.000998832518234849,1.7982673060532277,0.951190500875348,0.3314659607815545,41139
201,/home/projects/bagon/shared/imagenet512/val/n01665541/ILSVRC2012_val_00016779.JPEG,-1,nan,nan,nan,nan,nan,41149
202,/home/projects/bagon/shared/imagenet512/val/n02841315/ILSVRC2012_val_00024139.JPEG,932,4.2340799098601565,0.0009999042376875877,1.893399114560905,0.7208303056901058,0.45730735001908684,41226
203,/home/projects/bagon/shared/imagenet512/val/n04285008/ILSVRC2012_val_00010983.JPEG,964,5.34591243066825,0.0009996660519391298,1.9377930875403686,0.875575974422757,0.2634632251906007,41238
204,/home/projects/bagon/shared/imagenet512/val/n02093428/ILSVRC2012_val_00009853.JPEG,1256,5.906671744887717,0.000993711524643004,0.8236429981183703,0.6715665401831264,0.30077862085135937,41268
205,/home/projects/bagon/shared/imagenet512/val/n02747177/ILSVRC2012_val_00023490.JPEG,285,1.6930587845854461,0.0009981179609894753,0.11986480936468619,0.12628320533715578,0.04022811121418829,41278
206,/home/projects/bagon/shared/imagenet512/val/n04131690/ILSVRC2012_val_00027087.JPEG,1015,5.523284613736905,0.0009870424401015043,1.8091675276203927,0.8490190307839963,0.09343831550176732,41357
207,/home/projects/bagon/shared/imagenet512/val/n03866082/ILSVRC2012_val_00036610.JPEG,980,6.7694365290226415,0.0009995469590649009,1.1922162158156264,0.9787618094813738,0.20901549178694623,41359
208,/home/projects/bagon/shared/imagenet512/val/n04371774/ILSVRC2012_val_00023421.JPEG,1668,10.958291708840989,0.000996093382127583,1.4832905231736315,0.9490042249661692,0.313752914356183,41373
209,/home/projects/bagon/shared/imagenet512/val/n04389033/ILSVRC2012_val_00008055.JPEG,1604,6.491611323785037,0.0009995469590649009,1.9469539419310795,0.8600582314615449,0.3165090566529612,41381
210,/home/projects/bagon/shared/imagenet512/val/n01855672/ILSVRC2012_val_00043927.JPEG,926,9.028050881694071,0.0009999042376875877,4.2462118941572085,0.9678027834155035,0.1516377946214904,41386
211,/home/projects/bagon/shared/imagenet512/val/n04591157/ILSVRC2012_val_00011466.JPEG,1484,8.848359565017745,0.0009997851448133588,2.5695893723615644,0.9906830959915267,0.34260601434388405,41387
212,/home/projects/bagon/shared/imagenet512/val/n02107142/ILSVRC2012_val_00047225.JPEG,1091,7.225201751454733,0.0009977606823667884,0.8657581967901025,0.6764182423247347,0.2761815159687905,41388
213,/home/projects/bagon/shared/imagenet512/val/n01530575/ILSVRC2012_val_00004006.JPEG,1281,4.479372873553075,0.0009993088897317648,0.8250419796545497,0.6273163046164024,0.19734820588577293,41435
214,/home/projects/bagon/shared/imagenet512/val/n09246464/ILSVRC2012_val_00040283.JPEG,1664,8.159904638072476,0.000998832518234849,2.3269148599476837,0.8704808039192679,0.33853407662486246,41455
215,/home/projects/bagon/shared/imagenet512/val/n04154565/ILSVRC2012_val_00034399.JPEG,861,2.602769650053233,0.0009993088897317648,0.7723901476858636,0.5853361831479585,0.26978587333237175,41466
216,/home/projects/bagon/shared/imagenet512/val/n03633091/ILSVRC2012_val_00003741.JPEG,554,9.669470497174188,0.0009984752396121621,1.665996322822263,0.9983575042700491,0.35456791859090075,41469
217,/home/projects/bagon/shared/imagenet512/val/n03866082/ILSVRC2012_val_00002332.JPEG,1228,55.17504424008075,0.0009996660519391298,1.3594183292195074,0.7483214362917,0.5835351011136094,41475
218,/home/projects/bagon/shared/imagenet512/val/n02219486/ILSVRC2012_val_00038182.JPEG,777,13.556723861023784,0.000998951611109078,2.5470100445972603,0.8742914997708099,0.436967737232361,41477
219,/home/projects/bagon/shared/imagenet512/val/n04265275/ILSVRC2012_val_00047522.JPEG,329,8.678694584290497,0.0009997851448133588,2.4258065954227743,0.9040420244907212,0.19084000481965618,41479
220,/home/projects/bagon/shared/imagenet512/val/n03065424/ILSVRC2012_val_00039625.JPEG,1589,5.166623131255619,0.0009997851448133588,1.2386765636704156,0.48565310912663046,0.36185273308445054,41499
221,/home/projects/bagon/shared/imagenet512/val/n03724870/ILSVRC2012_val_00000987.JPEG,607,15.122088269563392,0.0009993088897317648,2.741276240623498,0.9989184493521472,0.2701193610169703,41509
222,/home/projects/bagon/shared/imagenet512/val/n04326547/ILSVRC2012_val_00010838.JPEG,2786,13.128508623223752,0.0009994279826059937,1.470480510087007,0.9132235320916533,0.23925264604602892,41512
223,/home/projects/bagon/shared/imagenet512/val/n03347037/ILSVRC2012_val_00020463.JPEG,1071,4.684900515596382,0.0009999042376875877,2.1063002943275504,0.7405903590142267,0.32702694261815224,41515
224,/home/projects/bagon/shared/imagenet512/val/n03782006/ILSVRC2012_val_00009355.JPEG,1197,8.969019517302513,0.0009996660519391298,0.7233846737188654,0.8317382964889763,0.23054953797387653,41523
225,/home/projects/bagon/shared/imagenet512/val/n02268443/ILSVRC2012_val_00043136.JPEG,1725,8.577072833431885,0.0009996660519391298,0.9447435588153519,0.8498828718147483,0.4226654283828577,41545
226,/home/projects/bagon/shared/imagenet512/val/n04550184/ILSVRC2012_val_00001807.JPEG,764,2.104506364907138,0.0009970461251214147,0.40257085376702817,0.2524567062257341,0.42036637924272763,41560
227,/home/projects/bagon/shared/imagenet512/val/n03871628/ILSVRC2012_val_00009786.JPEG,776,6.14516901713796,0.000998951611109078,3.617760994801821,0.9565839610798599,0.2221404674057283,41564
228,/home/projects/bagon/shared/imagenet512/val/n02786058/ILSVRC2012_val_00012023.JPEG,1086,42.96964111505076,0.0009983561467379332,2.0523322233238455,0.9941826201902356,0.5762016127532568,41574
229,/home/projects/bagon/shared/imagenet512/val/n03637318/ILSVRC2012_val_00000427.JPEG,-1,nan,nan,nan,nan,nan,41575
230,/home/projects/bagon/shared/imagenet512/val/n03793489/ILSVRC2012_val_00000927.JPEG,1177,11.934917139355093,0.000998594332486391,3.284290222974553,0.9985585830348453,0.2562998434594942,41584
231,/home/projects/bagon/shared/imagenet512/val/n02108089/ILSVRC2012_val_00022458.JPEG,1366,7.369784916983917,0.0009866851614788175,2.097540154645932,0.6323052513721146,0.1839549299767674,41588
232,/home/projects/bagon/shared/imagenet512/val/n04409515/ILSVRC2012_val_00033467.JPEG,925,3.034703563898802,0.0009969270322471857,0.9646023893096684,0.5831179349760822,0.2965353918168155,41599
233,/home/projects/bagon/shared/imagenet512/val/n04356056/ILSVRC2012_val_00003608.JPEG,219,4.024890884291381,0.0009994279826059937,1.2365319175017389,0.9743296795200069,0.2535932392278778,41600
234,/home/projects/bagon/shared/imagenet512/val/n02415577/ILSVRC2012_val_00000246.JPEG,827,39.19956526556052,0.0009997851448133588,0.5333714621358294,0.4430807988766239,0.5118730111284526,41603
235,/home/projects/bagon/shared/imagenet512/val/n03014705/ILSVRC2012_val_00049689.JPEG,1213,23.501886923564598,0.0009997851448133588,5.0135118887034995,0.9903806037761274,0.27480541574099376,41611
236,/home/projects/bagon/shared/imagenet512/val/n03400231/ILSVRC2012_val_00026723.JPEG,959,4.590554370544851,0.0009990707039833069,1.3259943143815354,0.9417458101048922,0.20668953581814747,41622
237,/home/projects/bagon/shared/imagenet512/val/n02113712/ILSVRC2012_val_00026778.JPEG,690,5.487104416592047,0.0009991897968575358,1.2116723481383964,0.6165145668345466,0.2248124522762449,41639
238,/home/projects/bagon/shared/imagenet512/val/n04070727/ILSVRC2012_val_00033670.JPEG,85,0.23485979728866369,0.000993116176687181,0.027648205846344847,0.014435856792787003,0.08441523992265948,41669
239,/home/projects/bagon/shared/imagenet512/val/n15075141/ILSVRC2012_val_00006953.JPEG,948,2.571982130408287,0.0009996660519391298,0.5638878422286024,0.264879866713583,0.17084036343974962,41687
240,/home/projects/bagon/shared/imagenet512/val/n04462240/ILSVRC2012_val_00028483.JPEG,927,6.433899451745674,0.0009996660519391298,1.707680189907502,0.9501427504473179,0.11518052674142415,41699
241,/home/projects/bagon/shared/imagenet512/val/n01484850/ILSVRC2012_val_00044052.JPEG,2216,9.563692904310301,0.0009991897968575358,90.04600904444317,0.78427989376038,0.23606158027593083,41716
242,/home/projects/bagon/shared/imagenet512/val/n02483362/ILSVRC2012_val_00020997.JPEG,951,8.03442514501512,0.0009995469590649009,2.3327455588979995,0.6680123655879251,0.3728595631824134,41727
243,/home/projects/bagon/shared/imagenet512/val/n02823750/ILSVRC2012_val_00003994.JPEG,994,10.892309452756308,0.0009996660519391298,0.8113480869314343,0.5546050601848133,0.36138659057869243,41736
244,/home/projects/bagon/shared/imagenet512/val/n02791124/ILSVRC2012_val_00000759.JPEG,1343,4.781539242248982,0.0009996660519391298,1.7448077241477669,0.8515778882906583,0.36748083834473033,41768
245,/home/projects/bagon/shared/imagenet512/val/n03065424/ILSVRC2012_val_00039773.JPEG,866,5.2596643472788855,0.0009997851448133588,0.6340349592024277,0.25578642359169423,0.16851929784649963,41796
246,/home/projects/bagon/shared/imagenet512/val/n04485082/ILSVRC2012_val_00030643.JPEG,2016,10.30978832906112,0.0009995469590649009,1.6514482924773293,0.9907819045238339,0.40826957049797974,41878
247,/home/projects/bagon/shared/imagenet512/val/n03998194/ILSVRC2012_val_00020470.JPEG,835,4.418511489639059,0.0009990707039833069,0.29099692686601025,0.14598376859018117,0.3569106824240821,41882
248,/home/projects/bagon/shared/imagenet512/val/n07836838/ILSVRC2012_val_00047503.JPEG,987,4.164284331840463,0.0009991897968575358,1.2797938837371325,0.6382212124826965,0.16709564192873744,41885
249,/home/projects/bagon/shared/imagenet512/val/n01496331/ILSVRC2012_val_00037260.JPEG,1559,10.106644210754894,0.0009996660519391298,1.6265263047364968,0.8517316030495591,0.3387709043464166,41919
250,/home/projects/bagon/shared/imagenet512/val/n02783161/ILSVRC2012_val_00001098.JPEG,766,23.931830174056813,0.0009991897968575358,1.533788326061636,0.7065655591024129,0.3844263242663999,41933
251,/home/projects/bagon/shared/imagenet512/val/n01688243/ILSVRC2012_val_00000978.JPEG,1369,9.622896061162464,0.0009997851448133588,1.5933846608209838,0.9861072073410692,0.2031014731935096,41935
252,/home/projects/bagon/shared/imagenet512/val/n04523525/ILSVRC2012_val_00017038.JPEG,1063,16.83826685906388,0.0009991897968575358,12.136338866300932,0.9677558823779069,0.30552635303347503,41955
253,/home/projects/bagon/shared/imagenet512/val/n02101006/ILSVRC2012_val_00024973.JPEG,921,7.267437083646655,0.00099871342536062,29.650861181843958,0.9373122557155165,0.35364663039656447,41986
254,/home/projects/bagon/shared/imagenet512/val/n02708093/ILSVRC2012_val_00019803.JPEG,605,5.437556006247178,0.0009991897968575358,2.040238782027332,0.9274142883118333,0.22043527913262134,41987
255,/home/projects/bagon/shared/imagenet512/val/n01537544/ILSVRC2012_val_00027145.JPEG,752,2.923726319335401,0.0009995469590649009,0.4975567901723335,0.3521771495131945,0.19593562010299426,42002
256,/home/projects/bagon/shared/imagenet512/val/n01491361/ILSVRC2012_val_00023443.JPEG,1751,11.020977434120141,0.0009999042376875877,1.6088248545601456,0.7527988964321028,0.38743051683923796,42033
257,/home/projects/bagon/shared/imagenet512/val/n04592741/ILSVRC2012_val_00011343.JPEG,1454,7.153690570499748,0.0009997851448133588,1.2910349150671996,0.919579366659216,0.4825830131368168,42036
258,/home/projects/bagon/shared/imagenet512/val/n04462240/ILSVRC2012_val_00021008.JPEG,1128,6.034863110864535,0.0009996660519391298,2.25425340174442,0.9086679879217427,0.1819524364691972,42038
259,/home/projects/bagon/shared/imagenet512/val/n02788148/ILSVRC2012_val_00005736.JPEG,1882,18.48594345804304,0.0009997851448133588,2.196030765297454,0.9934357740207737,0.2873917355423241,42059
260,/home/projects/bagon/shared/imagenet512/val/n02110063/ILSVRC2012_val_00016960.JPEG,1686,8.452965762931854,0.0009996660519391298,1.34272844039216,0.9409805562861471,0.3151907057380825,42072
261,/home/projects/bagon/shared/imagenet512/val/n04355933/ILSVRC2012_val_00045136.JPEG,557,7.532434237073176,0.00099871342536062,1.1191212246366835,0.9732487787679693,0.33430405546829717,42085
262,/home/projects/bagon/shared/imagenet512/val/n03642806/ILSVRC2012_val_00007948.JPEG,638,3.6950908665312454,0.0009990707039833069,0.611142776975693,0.8408235341461807,0.1674720882993998,42088
263,/home/projects/bagon/shared/imagenet512/val/n03874599/ILSVRC2012_val_00014039.JPEG,1573,5.314227374852635,0.0009996660519391298,1.2589024013874028,0.8102542721394961,0.2526540027506279,42093
264,/home/projects/bagon/shared/imagenet512/val/n02028035/ILSVRC2012_val_00005465.JPEG,981,9.466834166203626,0.0009995469590649009,1.8905559395333058,0.996919069595994,0.30478793001999477,42126
265,/home/projects/bagon/shared/imagenet512/val/n04350905/ILSVRC2012_val_00022131.JPEG,1744,8.17530305904802,0.0009995469590649009,0.7677290903084637,0.7815235374241366,0.3948882193429907,42128
266,/home/projects/bagon/shared/imagenet512/val/n03529860/ILSVRC2012_val_00000387.JPEG,1874,8.313917857594788,0.0009995469590649009,1.5839145467439923,0.9221664677538647,0.3377953540667095,42144
267,/home/projects/bagon/shared/imagenet512/val/n02999410/ILSVRC2012_val_00030965.JPEG,761,2.017377719981596,0.0009640575153753161,0.6111999755574903,0.3021781633821223,0.16402415031342127,42178
268,/home/projects/bagon/shared/imagenet512/val/n02669723/ILSVRC2012_val_00015594.JPEG,1169,8.442901193979196,0.0009993088897317648,1.4070164683085549,0.9696210530219849,0.29760621258957715,42182
269,/home/projects/bagon/shared/imagenet512/val/n03777754/ILSVRC2012_val_00044245.JPEG,400,2.0676087477477267,0.0009982370538637042,0.14347485448613143,0.09116368881730572,0.18869913775450925,42189
270,/home/projects/bagon/shared/imagenet512/val/n02093256/ILSVRC2012_val_00001222.JPEG,-1,nan,nan,nan,nan,nan,42192
271,/home/projects/bagon/shared/imagenet512/val/n07716358/ILSVRC2012_val_00044128.JPEG,1642,10.555623410851695,0.0009995469590649009,2.090510033789313,0.9864985520671334,0.31961758646317096,42194
272,/home/projects/bagon/shared/imagenet512/val/n03868863/ILSVRC2012_val_00019871.JPEG,1124,5.0817592177772895,0.0009999042376875877,1.2416843504688135,0.8768697815503114,0.27782976619229127,42201
273,/home/projects/bagon/shared/imagenet512/val/n02978881/ILSVRC2012_val_00010757.JPEG,1048,2.303246747935191,0.0009991897968575358,0.19928577515821516,0.1961544121116644,0.21283762688062524,42209
274,/home/projects/bagon/shared/imagenet512/val/n01644900/ILSVRC2012_val_00036722.JPEG,572,2.297965261153877,0.0009994279826059937,0.11607934958215205,0.09519394462783151,0.1451940928444667,42212
275,/home/projects/bagon/shared/imagenet512/val/n04356056/ILSVRC2012_val_00024708.JPEG,892,12.597838366462383,0.0009682258241809905,0.9066207272846734,0.9679449271851922,0.1537445321833567,42231
276,/home/projects/bagon/shared/imagenet512/val/n02791270/ILSVRC2012_val_00009619.JPEG,754,14.220274873194285,0.0009990707039833069,10.09381423366041,0.9916672146328187,0.2548681911217031,42239
277,/home/projects/bagon/shared/imagenet512/val/n04467665/ILSVRC2012_val_00030748.JPEG,1468,15.521116939838976,0.000998951611109078,89990.48911975825,0.8556847812137484,0.24938933895272858,42242
278,/home/projects/bagon/shared/imagenet512/val/n02837789/ILSVRC2012_val_00015440.JPEG,2091,12.331681162235327,0.0009995469590649009,1.295556637772822,0.8803843700623664,0.47214012588126797,42251
279,/home/projects/bagon/shared/imagenet512/val/n04542943/ILSVRC2012_val_00042647.JPEG,945,3.8853440375532955,0.0009996660519391298,1.1592406371136164,0.4612438825558868,0.22369627491308247,42255
280,/home/projects/bagon/shared/imagenet512/val/n04505470/ILSVRC2012_val_00041420.JPEG,1764,10.456718993722461,0.0009997851448133588,5.73023002776467,0.9698713901615198,0.4694035676866201,42294
281,/home/projects/bagon/shared/imagenet512/val/n03529860/ILSVRC2012_val_00024939.JPEG,2639,10.157547564129345,0.0009996660519391298,1.1466170540265177,0.7657304747366187,0.26804906495957015,42304
282,/home/projects/bagon/shared/imagenet512/val/n07932039/ILSVRC2012_val_00006588.JPEG,829,9.224889786564745,0.0009995469590649009,1.0825059450790564,0.9982021001491421,0.2872041570812288,42310
283,/home/projects/bagon/shared/imagenet512/val/n02790996/ILSVRC2012_val_00027401.JPEG,1688,11.278373439563438,0.0009993088897317648,1.6641015719334722,0.993422439408373,0.21665466579216708,42320
284,/home/projects/bagon/shared/imagenet512/val/n02948072/ILSVRC2012_val_00041434.JPEG,1180,2.7299709937069565,0.0009968079393729568,0.8005777217136428,0.3473644985730546,0.24349813180864008,42323
285,/home/projects/bagon/shared/imagenet512/val/n06794110/ILSVRC2012_val_00034107.JPEG,2187,41.10207562148571,0.0009993088897317648,2.5171769246323903,0.8587286421869665,0.587828472662385,42326
286,/home/projects/bagon/shared/imagenet512/val/n01774384/ILSVRC2012_val_00039661.JPEG,1277,4.795409312704578,0.0009994279826059937,1.0894113157150973,0.6612039469867053,0.1801427648191305,42327
287,/home/projects/bagon/shared/imagenet512/val/n01558993/ILSVRC2012_val_00045150.JPEG,1167,7.272679571411572,0.0009991897968575358,1.4037183339146249,0.9792286765959016,0.24200633209264663,42353
288,/home/projects/bagon/shared/imagenet512/val/n03998194/ILSVRC2012_val_00026195.JPEG,1524,7.1234516656259075,0.0009997851448133588,2.6881657628590925,0.9223202934184646,0.3610476505236661,42373
289,/home/projects/bagon/shared/imagenet512/val/n01873310/ILSVRC2012_val_00007800.JPEG,555,50.7776369319763,0.00099871342536062,3.1254608626535676,0.9866698951030141,0.30354519315516454,42396
290,/home/projects/bagon/shared/imagenet512/val/n04041544/ILSVRC2012_val_00022244.JPEG,437,7.405412661028095,0.0009972843108698726,1.9326396193182047,0.9901409515299384,0.2326908107160976,42405
291,/home/projects/bagon/shared/imagenet512/val/n03961711/ILSVRC2012_val_00034683.JPEG,1033,9.367179074790329,0.000993711524643004,1.5644300741928299,0.9978128956807439,0.03741973783563102,42408
292,/home/projects/bagon/shared/imagenet512/val/n03180011/ILSVRC2012_val_00043943.JPEG,1886,30.08441842684988,0.0009996660519391298,8.65063562360754,0.8451800562444661,0.46362736868737275,42423
293,/home/projects/bagon/shared/imagenet512/val/n02119022/ILSVRC2012_val_00009066.JPEG,2364,10.03973459021654,0.0009997851448133588,1.0118880810566464,0.6310925898286232,0.5968459823883602,42466
294,/home/projects/bagon/shared/imagenet512/val/n03691459/ILSVRC2012_val_00026785.JPEG,1209,9.19675050524529,0.0009997851448133588,21.436311573064764,0.9964757999617948,0.4123103479948676,42476
295,/home/projects/bagon/shared/imagenet512/val/n03866082/ILSVRC2012_val_00033995.JPEG,900,2.2118722883751616,0.0009883524617180228,0.5007449494414677,0.26648341657438507,0.08512922416624058,42508
296,/home/projects/bagon/shared/imagenet512/val/n01855672/ILSVRC2012_val_00043968.JPEG,903,5.307322870125063,0.0009993088897317648,1.1940738287523456,0.9239646283841777,0.3334677613529146,42512
297,/home/projects/bagon/shared/imagenet512/val/n04332243/ILSVRC2012_val_00048376.JPEG,1196,12.6996184483869,0.000998832518234849,39.28597264363711,0.9368376021191459,0.2378551197654086,42517
298,/home/projects/bagon/shared/imagenet512/val/n03742115/ILSVRC2012_val_00006806.JPEG,1520,6.674695685622282,0.0009995469590649009,0.7269247662349505,0.5609465843063619,0.338845390023777,42520
299,/home/projects/bagon/shared/imagenet512/val/n02769748/ILSVRC2012_val_00008482.JPEG,987,19.64511959790252,0.0009995469590649009,1.2534158250812641,0.9979379511863904,0.22820719581935284,42530
300,/home/projects/bagon/shared/imagenet512/val/n09193705/ILSVRC2012_val_00030499.JPEG,1283,5.101655981037766,0.0009982370538637042,0.9723993706143108,0.6495243446830014,0.26690401344197573,42535
301,/home/projects/bagon/shared/imagenet512/val/n04590129/ILSVRC2012_val_00029620.JPEG,1485,9.104943226790056,0.000992877990938723,2.6604104408315314,0.968770195950683,0.2638090075758936,42538
302,/home/projects/bagon/shared/imagenet512/val/n04355933/ILSVRC2012_val_00047580.JPEG,696,6.626271389774047,0.000998832518234849,1.0273389056973115,0.9838834078777821,0.344739660184903,42551
303,/home/projects/bagon/shared/imagenet512/val/n02783161/ILSVRC2012_val_00035505.JPEG,1043,33.31216311000753,0.0009990707039833069,5834.6127270008365,0.6449578099416522,0.6236423439503415,42558
304,/home/projects/bagon/shared/imagenet512/val/n04154565/ILSVRC2012_val_00019817.JPEG,1025,8.316022776765749,0.0009993088897317648,2.2876925773173657,0.9894341353057479,0.3234321796607552,42559
305,/home/projects/bagon/shared/imagenet512/val/n02100735/ILSVRC2012_val_00037674.JPEG,626,9.77442425605841,0.00099871342536062,1.1552588897892702,0.9927633769031632,0.3277008709322473,42560
306,/home/projects/bagon/shared/imagenet512/val/n02930766/ILSVRC2012_val_00003886.JPEG,1568,6.992076323134825,0.0009994279826059937,1.4873087338489945,0.9386992914951235,0.22688071110709615,42569
307,/home/projects/bagon/shared/imagenet512/val/n02791270/ILSVRC2012_val_00034523.JPEG,624,8.146204645279795,0.0009995469590649009,3.0311687521980826,0.9964315663489252,0.25205928828081536,42600
308,/home/projects/bagon/shared/imagenet512/val/n02951585/ILSVRC2012_val_00005430.JPEG,1136,36.859242355800234,0.0009975224966183305,3.4597256537549157,0.896823826487583,0.566432127365453,42615
309,/home/projects/bagon/shared/imagenet512/val/n01608432/ILSVRC2012_val_00045690.JPEG,2148,10.499166221823543,0.0009996660519391298,0.8506551690708188,0.7390563840970035,0.25487362227161864,42619
310,/home/projects/bagon/shared/imagenet512/val/n02097474/ILSVRC2012_val_00009764.JPEG,1255,5.574455604888499,0.0009984752396121621,1.2019462548064535,0.56364860505811,0.18767653965800934,42635
311,/home/projects/bagon/shared/imagenet512/val/n04074963/ILSVRC2012_val_00046283.JPEG,1408,16.093429344589822,0.0009994279826059937,3.626090904707954,0.9090668470434404,0.6307246593881144,42642
312,/home/projects/bagon/shared/imagenet512/val/n02087046/ILSVRC2012_val_00044441.JPEG,1858,6.509189655771479,0.0009994279826059937,0.4571835247166493,0.14188384091187353,0.3924448885858763,42644
313,/home/projects/bagon/shared/imagenet512/val/n03976657/ILSVRC2012_val_00015391.JPEG,1194,11.571317334193736,0.0009999042376875877,235193.887286295,0.9495488268583967,0.5876833326186687,42655
314,/home/projects/bagon/shared/imagenet512/val/n04147183/ILSVRC2012_val_00019624.JPEG,1330,4.189085789956152,0.0009999042376875877,0.6318828763649557,0.2983635397863404,0.3273518784510157,42657
315,/home/projects/bagon/shared/imagenet512/val/n02109961/ILSVRC2012_val_00029058.JPEG,2212,12.194063259055838,0.0009969270322471857,0.9599453813308101,0.9568260501950473,0.06992288507543257,42674
316,/home/projects/bagon/shared/imagenet512/val/n03769881/ILSVRC2012_val_00017651.JPEG,1908,12.837231961777434,0.0009993088897317648,1.605326866280429,0.9854998386242847,0.4071835687911732,42686
317,/home/projects/bagon/shared/imagenet512/val/n01665541/ILSVRC2012_val_00022588.JPEG,643,17.95469282567501,0.00099871342536062,0.9824753746162881,0.08920236638382743,0.33695902183439774,42688
318,/home/projects/bagon/shared/imagenet512/val/n04376876/ILSVRC2012_val_00012108.JPEG,952,13.33438926935196,0.0009994279826059937,3.6501713120044736,0.9984904082886199,0.3510437574984928,42690
319,/home/projects/bagon/shared/imagenet512/val/n04350905/ILSVRC2012_val_00030307.JPEG,747,27.227544988389127,0.0009990707039833069,2.5500334706022794,0.9879953754529156,0.3692384686945722,42706
320,/home/projects/bagon/shared/imagenet512/val/n07583066/ILSVRC2012_val_00004206.JPEG,1256,8.889438012614846,0.00099871342536062,1.6613364373499153,0.8921425451125734,0.21871276021542424,42715
321,/home/projects/bagon/shared/imagenet512/val/n03777754/ILSVRC2012_val_00029857.JPEG,659,4.847749733773526,0.0009764432325027883,1.030471985677651,0.9381967805961137,0.29850034391360136,42717
322,/home/projects/bagon/shared/imagenet512/val/n03124043/ILSVRC2012_val_00049053.JPEG,1674,15.732848131796345,0.0009997851448133588,1.1224377466275428,0.08015593419417456,0.394513744929373,42737
323,/home/projects/bagon/shared/imagenet512/val/n04493381/ILSVRC2012_val_00025239.JPEG,1229,4.499908921075985,0.0009995469590649009,0.5938678144204297,0.5605285216601481,0.3305157558018288,42781
324,/home/projects/bagon/shared/imagenet512/val/n02097658/ILSVRC2012_val_00031646.JPEG,1564,9.105437657912262,0.0009994279826059937,1.549543643808176,0.9788034230038993,0.40989362370614346,42783
325,/home/projects/bagon/shared/imagenet512/val/n04286575/ILSVRC2012_val_00000843.JPEG,1092,6.1762999057536945,0.0009990707039833069,1.7350232286140814,0.5461613492674566,0.14112982132666985,42797
326,/home/projects/bagon/shared/imagenet512/val/n02963159/ILSVRC2012_val_00013629.JPEG,915,2.7836732984287664,0.0009994279826059937,0.3661280856380967,0.2693846869429818,0.23797342508649857,42812
327,/home/projects/bagon/shared/imagenet512/val/n01773549/ILSVRC2012_val_00035063.JPEG,1486,5.965778636164032,0.0009951406391337514,1.2267984269043948,0.7779555865577354,0.22621656990535113,42818
328,/home/projects/bagon/shared/imagenet512/val/n02895154/ILSVRC2012_val_00013879.JPEG,665,2.0594417200190946,0.0009993088897317648,0.21325813235456487,0.24955746023999797,0.2709300169396882,42830
329,/home/projects/bagon/shared/imagenet512/val/n07932039/ILSVRC2012_val_00006310.JPEG,1680,10.874425235320814,0.0009997851448133588,1.8008490626022156,0.9954926747009984,0.41273422834445284,42833
330,/home/projects/bagon/shared/imagenet512/val/n04501370/ILSVRC2012_val_00022562.JPEG,790,7.322870216099545,0.0009995469590649009,2.350136053593993,0.9555312558883043,0.19066527671945077,42858
331,/home/projects/bagon/shared/imagenet512/val/n03047690/ILSVRC2012_val_00041038.JPEG,1353,3.5666884982492775,0.0009994279826059937,0.2928767650806457,0.12641273210334622,0.3241100383575388,42859
332,/home/projects/bagon/shared/imagenet512/val/n04033995/ILSVRC2012_val_00011029.JPEG,1231,23.324187884805724,0.0009964506607502699,1.7963503869194617,0.9674161153407255,0.3439398964059119,42872
333,/home/projects/bagon/shared/imagenet512/val/n02747177/ILSVRC2012_val_00032825.JPEG,1482,7.194027489982545,0.0009999042376875877,1.0756967748651196,0.8170804193475067,0.298489533844824,42878
334,/home/projects/bagon/shared/imagenet512/val/n01955084/ILSVRC2012_val_00031321.JPEG,-1,nan,nan,nan,nan,nan,42881
335,/home/projects/bagon/shared/imagenet512/val/n04008634/ILSVRC2012_val_00040466.JPEG,1474,5.646417492302135,0.0009997851448133588,0.45660657734284726,0.6276410329143048,0.2703810229913462,42897
336,/home/projects/bagon/shared/imagenet512/val/n01847000/ILSVRC2012_val_00026811.JPEG,1229,6.720328359398991,0.0009999042376875877,1.8888070570045778,0.9502553893854357,0.2754416108047261,42904
337,/home/projects/bagon/shared/imagenet512/val/n04049303/ILSVRC2012_val_00019554.JPEG,894,3.9746540096821263,0.00099871342536062,1.2677583244806736,0.5430095027251671,0.45441917067268445,42924
338,/home/projects/bagon/shared/imagenet512/val/n02817516/ILSVRC2012_val_00018607.JPEG,1635,12.120152274495922,0.0009999042376875877,1.2341753446728647,0.7968029710946178,0.35570301633406015,42935
339,/home/projects/bagon/shared/imagenet512/val/n02099267/ILSVRC2012_val_00020892.JPEG,555,1.7931534969247878,0.0009990707039833069,0.245308298910845,0.1516120675053171,0.11620295468086578,42936
340,/home/projects/bagon/shared/imagenet512/val/n02108422/ILSVRC2012_val_00026273.JPEG,1258,4.035812268848531,0.0009979988681152463,0.44101623366668324,0.21290229223555365,0.12620971228070757,42940
341,/home/projects/bagon/shared/imagenet512/val/n03710637/ILSVRC2012_val_00006979.JPEG,68,4.335410228231922,0.0009894242975860834,0.36193979743101545,0.6761160370011132,0.3224260660800727,42947
342,/home/projects/bagon/shared/imagenet512/val/n07711569/ILSVRC2012_val_00006569.JPEG,1371,8.052013590699062,0.0009994279826059937,1.5175503240664998,0.9568317550638166,0.26247316152063643,42948
343,/home/projects/bagon/shared/imagenet512/val/n01641577/ILSVRC2012_val_00028113.JPEG,1439,10.154035481042229,0.0009999042376875877,1.4051402321884239,0.9857790978396692,0.34232627024085294,42949
344,/home/projects/bagon/shared/imagenet512/val/n02804610/ILSVRC2012_val_00011135.JPEG,1455,11.423648507217877,0.0009996660519391298,1386.280571800567,0.994015624071831,0.4377543518055148,42957
345,/home/projects/bagon/shared/imagenet512/val/n03532672/ILSVRC2012_val_00016133.JPEG,679,3.9052721827756613,0.000998951611109078,4.016955756357558,0.8983967913940579,0.28756667985663315,42964
346,/home/projects/bagon/shared/imagenet512/val/n03930630/ILSVRC2012_val_00017360.JPEG,1879,6.176918579032645,0.000998832518234849,0.4201081257750538,0.28355808138261784,0.34907166528722866,42969
347,/home/projects/bagon/shared/imagenet512/val/n01644900/ILSVRC2012_val_00044262.JPEG,1636,6.669689849135466,0.0009993088897317648,1.566294730054517,0.70504102375332,0.41546181625276535,42974
348,/home/projects/bagon/shared/imagenet512/val/n07747607/ILSVRC2012_val_00021193.JPEG,1840,7.556072784936987,0.0009995469590649009,2.7151931122083024,0.8659783129000431,0.332249551896564,42992
349,/home/projects/bagon/shared/imagenet512/val/n02317335/ILSVRC2012_val_00004153.JPEG,1170,11.664460155181587,0.0009991897968575358,1.945695355863851,0.9989009246085163,0.24508391635430804,42993
350,/home/projects/bagon/shared/imagenet512/val/n04372370/ILSVRC2012_val_00002797.JPEG,768,10.304002331919037,0.0009970461251214147,2.2477892756083713,0.9982985687419812,0.3509877046067306,42996
351,/home/projects/bagon/shared/imagenet512/val/n04423845/ILSVRC2012_val_00019979.JPEG,1349,27.198509313049726,0.0009996660519391298,4673.229303521895,0.9859295615273052,0.5056828314715085,43002
352,/home/projects/bagon/shared/imagenet512/val/n03874293/ILSVRC2012_val_00034833.JPEG,1986,7.667095446027815,0.0009997851448133588,1.6120664019708142,0.46086907567701546,0.3714480615511231,43003
353,/home/projects/bagon/shared/imagenet512/val/n02786058/ILSVRC2012_val_00000400.JPEG,903,22.636273195268586,0.000998594332486391,1.985748042787096,0.9584584536776393,0.2836729090860751,43006
354,/home/projects/bagon/shared/imagenet512/val/n03527444/ILSVRC2012_val_00035839.JPEG,926,8.513599926838651,0.0009993088897317648,1.6567866071336634,0.8110173030935118,0.2592601216770521,43011
355,/home/projects/bagon/shared/imagenet512/val/n03160309/ILSVRC2012_val_00004892.JPEG,2008,11.258187029976398,0.0009993088897317648,1.1885190739122555,0.6476662363666924,0.2831743366268008,43016
356,/home/projects/bagon/shared/imagenet512/val/n03347037/ILSVRC2012_val_00044848.JPEG,1183,8.395368188619614,0.0009990707039833069,2.590064994478425,0.9899749764258698,0.3285963279392612,43029
357,/home/projects/bagon/shared/imagenet512/val/n07716358/ILSVRC2012_val_00013592.JPEG,1924,9.852923655998893,0.0009778724052011967,0.7795911657746012,0.3858845042481462,0.2511835485434918,43038
358,/home/projects/bagon/shared/imagenet512/val/n07831146/ILSVRC2012_val_00004837.JPEG,2161,10.556212726747617,0.000996212475001812,2.0935085293755167,0.8659303638191744,0.11574550479823173,43044
359,/home/projects/bagon/shared/imagenet512/val/n04033995/ILSVRC2012_val_00017857.JPEG,1333,4.550633470294997,0.00099871342536062,1.9772559149947935,0.6251149523073614,0.4704925056489817,43050
360,/home/projects/bagon/shared/imagenet512/val/n03584254/ILSVRC2012_val_00003244.JPEG,1675,24.336912039783783,0.0009997851448133588,1.4158531197389173,0.9947688075588091,0.3562795993590392,43060
361,/home/projects/bagon/shared/imagenet512/val/n04532670/ILSVRC2012_val_00044597.JPEG,1195,8.194832456414588,0.0009995469590649009,1.9447173342923703,0.9626203768731565,0.25960351630643846,43062
362,/home/projects/bagon/shared/imagenet512/val/n04560804/ILSVRC2012_val_00013257.JPEG,880,5.416452567325905,0.0009999042376875877,0.5816098892528053,0.6868538402049689,0.2908838765119288,43064
363,/home/projects/bagon/shared/imagenet512/val/n07920052/ILSVRC2012_val_00032808.JPEG,1427,12.589413720648736,0.0009994279826059937,1.8291442256012487,0.9985510375280581,0.24839750665944507,43068
364,/home/projects/bagon/shared/imagenet512/val/n03710637/ILSVRC2012_val_00013356.JPEG,133,2.945332945557311,0.0009997851448133588,0.3085023282430564,0.6504131814543248,0.24082093223225126,43073
365,/home/projects/bagon/shared/imagenet512/val/n07875152/ILSVRC2012_val_00039451.JPEG,1369,3.806092551210895,0.0009997851448133588,0.3181785759622473,0.1218099311043234,0.2031250367167972,43076
366,/home/projects/bagon/shared/imagenet512/val/n03179701/ILSVRC2012_val_00011480.JPEG,953,5.423495350172743,0.0009984752396121621,0.5990810662919169,0.7626556300365609,0.2147743751311335,43077
367,/home/projects/bagon/shared/imagenet512/val/n02870880/ILSVRC2012_val_00026166.JPEG,1395,7.627617286052555,0.000996093382127583,1.755715991364586,0.9478399837628315,0.15355523024348994,43078
368,/home/projects/bagon/shared/imagenet512/val/n04125021/ILSVRC2012_val_00011269.JPEG,995,7.274049133993685,0.0009978797752410173,2.946392834683699,0.9385506153243678,0.34297585630015204,43084
369,/home/projects/bagon/shared/imagenet512/val/n03775071/ILSVRC2012_val_00036328.JPEG,2026,8.230606838013045,0.0009995469590649009,2.5303630680915195,0.8894723284091004,0.45257568647528806,43094
370,/home/projects/bagon/shared/imagenet512/val/n03196217/ILSVRC2012_val_00015628.JPEG,1905,9.442561808624305,0.0009995469590649009,0.6964593734090893,0.4658736827432934,0.193430057293005,43096
371,/home/projects/bagon/shared/imagenet512/val/n04347754/ILSVRC2012_val_00024807.JPEG,1190,43.686832375242375,0.0009997851448133588,29.262992006561447,0.9903163882843733,0.511507332382203,43110
372,/home/projects/bagon/shared/imagenet512/val/n04599235/ILSVRC2012_val_00020189.JPEG,430,6.05820829566801,0.0009535771678201854,3.1830145671288737,0.9873344173172565,0.25305338678623124,43112
373,/home/projects/bagon/shared/imagenet512/val/n03991062/ILSVRC2012_val_00008277.JPEG,883,26.352531374199316,0.000998832518234849,3.2180806638044905,0.47671165841949714,0.35684873127703415,43113
374,/home/projects/bagon/shared/imagenet512/val/n03271574/ILSVRC2012_val_00000942.JPEG,1365,8.543148823315278,0.0009994279826059937,2.071145769882735,0.9932276083849483,0.34144176721024544,43142
375,/home/projects/bagon/shared/imagenet512/val/n01753488/ILSVRC2012_val_00007842.JPEG,1646,5.490402911324054,0.0009996660519391298,0.5215899055897436,0.7722661184453116,0.34082178795327167,43169
376,/home/projects/bagon/shared/imagenet512/val/n04493381/ILSVRC2012_val_00015101.JPEG,343,4.57391107926378,0.0009712031460367143,0.49002913616142796,0.6655858596449027,0.18750239016228823,43189
377,/home/projects/bagon/shared/imagenet512/val/n04409515/ILSVRC2012_val_00015054.JPEG,1034,3.1059127463959157,0.000998594332486391,0.7745819845950811,0.6857681168728755,0.2404856073826382,43198
378,/home/projects/bagon/shared/imagenet512/val/n04154565/ILSVRC2012_val_00035558.JPEG,1180,31.97540088626556,0.0009991897968575358,1.8446702776696522,0.8421074673533432,0.6025897551120091,43206
379,/home/projects/bagon/shared/imagenet512/val/n07695742/ILSVRC2012_val_00027272.JPEG,1421,7.313004445517436,0.0009984752396121621,3.1530079488073555,0.9523294876138855,0.10821057702204398,43219
380,/home/projects/bagon/shared/imagenet512/val/n03764736/ILSVRC2012_val_00046787.JPEG,867,12.89301276387414,0.000962032878305763,0.8993390655846903,0.9990318870594774,0.22001637049345135,43225
381,/home/projects/bagon/shared/imagenet512/val/n09399592/ILSVRC2012_val_00042143.JPEG,947,4.910693929879926,0.0009994279826059937,0.943459433932766,0.7294534539602453,0.33276690099533035,43234
382,/home/projects/bagon/shared/imagenet512/val/n03796401/ILSVRC2012_val_00040512.JPEG,2180,10.13724365143571,0.0009996660519391298,0.88747713906308,0.7644379819309186,0.328171459157533,43243
383,/home/projects/bagon/shared/imagenet512/val/n04254777/ILSVRC2012_val_00025297.JPEG,1029,7.5051559685962275,0.0009995469590649009,1.3819753853437464,0.9837333199472831,0.36457182790264187,43252
384,/home/projects/bagon/shared/imagenet512/val/n02113624/ILSVRC2012_val_00046483.JPEG,1144,13.348279089317657,0.0009999042376875877,0.7382251848832619,0.5195861746907506,0.444203550290768,43262
385,/home/projects/bagon/shared/imagenet512/val/n02177972/ILSVRC2012_val_00039406.JPEG,1978,15.190353827900253,0.0009996660519391298,4.678833235264525,0.9982404160707794,0.6009136118926454,43271
386,/home/projects/bagon/shared/imagenet512/val/n03063599/ILSVRC2012_val_00025230.JPEG,728,26.752766719437204,0.0009999042376875877,6.834164530264458,0.9331881058444191,0.4187257821870901,43272
387,/home/projects/bagon/shared/imagenet512/val/n04525038/ILSVRC2012_val_00002188.JPEG,-1,nan,nan,nan,nan,nan,43278
388,/home/projects/bagon/shared/imagenet512/val/n07873807/ILSVRC2012_val_00047660.JPEG,1990,9.018765897140838,0.0009997851448133588,1.8039905875751658,0.9249880796054848,0.2758091066590608,43279
389,/home/projects/bagon/shared/imagenet512/val/n03045698/ILSVRC2012_val_00038472.JPEG,964,6.545241056475788,0.0009997851448133588,1.6851780594579024,0.9541567219736947,0.4189774470831267,43281
390,/home/projects/bagon/shared/imagenet512/val/n03930630/ILSVRC2012_val_00029772.JPEG,1556,5.491923785652034,0.0009997851448133588,0.46105281375308393,0.15226824943141082,0.29982623663679336,43283
391,/home/projects/bagon/shared/imagenet512/val/n03623198/ILSVRC2012_val_00005042.JPEG,681,6.3643671192694455,0.000998832518234849,1.9976788422650331,0.9898465749183715,0.5019621467113492,43284
392,/home/projects/bagon/shared/imagenet512/val/n04370456/ILSVRC2012_val_00016068.JPEG,887,6.814345452003181,0.00099871342536062,2.396061403041276,0.6671058984715781,0.39133089268514193,43297
393,/home/projects/bagon/shared/imagenet512/val/n02443114/ILSVRC2012_val_00000055.JPEG,882,9.420828893431462,0.0009999042376875877,0.9298535305537028,0.8493823247221105,0.2793235739950972,43299
394,/home/projects/bagon/shared/imagenet512/val/n02916936/ILSVRC2012_val_00023905.JPEG,1698,7.9943765052594244,0.000998594332486391,0.7559144450215206,0.6807175004989259,0.25164253361802047,43302
395,/home/projects/bagon/shared/imagenet512/val/n01807496/ILSVRC2012_val_00039412.JPEG,2039,7.442023974494077,0.0009994279826059937,0.7440247053342541,0.6267546715756922,0.23284002454863717,43312
396,/home/projects/bagon/shared/imagenet512/val/n03347037/ILSVRC2012_val_00000743.JPEG,1925,9.57751388719771,0.0009993088897317648,2.71404420559742,0.9762633214994687,0.3357789190137902,43326
397,/home/projects/bagon/shared/imagenet512/val/n01608432/ILSVRC2012_val_00013095.JPEG,2035,9.844908396014944,0.0009996660519391298,1.040983126974135,0.8500973710432895,0.5524975752869761,43339
398,/home/projects/bagon/shared/imagenet512/val/n07892512/ILSVRC2012_val_00020966.JPEG,1286,3.585275668068789,0.0009999042376875877,0.4453310764249537,0.43926828606328744,0.27707669767642656,43351
399,/home/projects/bagon/shared/imagenet512/val/n03127925/ILSVRC2012_val_00024159.JPEG,966,14.913796327193268,0.0009997851448133588,22.742549941943132,0.9626286266288477,0.20335261743339053,43357
400,/home/projects/bagon/shared/imagenet512/val/n03255030/ILSVRC2012_val_00011290.JPEG,1109,4.4002176626818255,0.0009996660519391298,1.4730799651738955,0.6844066652662346,0.26622002171406545,43368
401,/home/projects/bagon/shared/imagenet512/val/n03443371/ILSVRC2012_val_00031016.JPEG,1071,6.784616260556504,0.0009983561467379332,1.7393018393563562,0.9409247988122226,0.273149372982376,43369
402,/home/projects/bagon/shared/imagenet512/val/n02089973/ILSVRC2012_val_00010168.JPEG,1694,6.628580310149118,0.0009999042376875877,0.8045319831140022,0.8092943395539763,0.4522145418325136,43376
403,/home/projects/bagon/shared/imagenet512/val/n03832673/ILSVRC2012_val_00025240.JPEG,977,52.73577681463212,0.0009966888464987278,0.6884376947461193,0.5829893479200972,0.41849234583975775,43383
404,/home/projects/bagon/shared/imagenet512/val/n03899768/ILSVRC2012_val_00037373.JPEG,1865,8.609441476874053,0.0009996660519391298,1.9793575735177207,0.890027659741902,0.3163099707652088,43394
405,/home/projects/bagon/shared/imagenet512/val/n03961711/ILSVRC2012_val_00028126.JPEG,1111,37.923289902624674,0.0009997851448133588,9.185609596168268,0.19338314252859368,0.5115881255909458,43396
406,/home/projects/bagon/shared/imagenet512/val/n09428293/ILSVRC2012_val_00035892.JPEG,308,3.434120683115907,0.0009846605826169252,0.6147274493809042,0.8527462943683303,0.19572636861716347,43416
407,/home/projects/bagon/shared/imagenet512/val/n02099267/ILSVRC2012_val_00013712.JPEG,783,18.780833479133435,0.0009990707039833069,2.8393826437873533,0.9551360004597147,0.4089068814320414,43418
408,/home/projects/bagon/shared/imagenet512/val/n03970156/ILSVRC2012_val_00030886.JPEG,1463,6.697922334540635,0.0009993088897317648,1.1508545034716624,0.3392868556367687,0.22302745590967715,43420
409,/home/projects/bagon/shared/imagenet512/val/n03670208/ILSVRC2012_val_00024440.JPEG,1651,8.75281249906402,0.0009999042376875877,1.115814820327474,0.8598696180416012,0.45108224262084545,43426
410,/home/projects/bagon/shared/imagenet512/val/n03000134/ILSVRC2012_val_00026866.JPEG,2380,12.14468759088777,0.0009829933987930417,1.6098858789844035,0.9936683116188214,0.190795983692691,43437
411,/home/projects/bagon/shared/imagenet512/val/n03995372/ILSVRC2012_val_00039029.JPEG,781,8.20388281007763,0.0009997851448133588,1.4881938741466476,0.9960218475554585,0.21304287067047328,43440
412,/home/projects/bagon/shared/imagenet512/val/n03832673/ILSVRC2012_val_00016670.JPEG,2080,13.183331323321909,0.0009993088897317648,1.028273371594019,0.8737115844997227,0.3259510728214592,43444
413,/home/projects/bagon/shared/imagenet512/val/n09428293/ILSVRC2012_val_00001327.JPEG,1001,4.115107226534747,0.0009997851448133588,1.0812581420787457,0.761516037973796,0.2151907470675594,43447
414,/home/projects/bagon/shared/imagenet512/val/n09835506/ILSVRC2012_val_00037495.JPEG,2228,7.618607163312845,0.0009997851448133588,0.6827485937217409,0.5647171769436928,0.3007143800289396,43450
415,/home/projects/bagon/shared/imagenet512/val/n04380533/ILSVRC2012_val_00032093.JPEG,738,6.278289022040553,0.0009990707039833069,1.4505518210716424,0.9482911083016392,0.2841281592433036,43453
416,/home/projects/bagon/shared/imagenet512/val/n04049303/ILSVRC2012_val_00003998.JPEG,1135,2.93151505861897,0.0009999042376875877,0.6609188140605069,0.2432885498131161,0.41122104676957205,43457
417,/home/projects/bagon/shared/imagenet512/val/n02410509/ILSVRC2012_val_00033952.JPEG,1088,36.562835658784024,0.0009994279826059937,9.771635400235906,0.9947397423369808,0.6436528095651407,43484
418,/home/projects/bagon/shared/imagenet512/val/n07684084/ILSVRC2012_val_00040328.JPEG,1609,19.076018052874133,0.0009996660519391298,3.093950276551431,0.9987095293447551,0.3725366557806242,43494
419,/home/projects/bagon/shared/imagenet512/val/n04067472/ILSVRC2012_val_00003992.JPEG,1000,9.370485341525637,0.00099871342536062,533.8869723746666,0.8640763734662578,0.27100814019763353,43495
420,/home/projects/bagon/shared/imagenet512/val/n04111531/ILSVRC2012_val_00045813.JPEG,1016,15.328167197178118,0.0009984752396121621,1.6644621288944856,0.9911404817797875,0.28440951071534926,43497
421,/home/projects/bagon/shared/imagenet512/val/n03220513/ILSVRC2012_val_00024196.JPEG,2168,16.15379864280112,0.0009996660519391298,2.093106636305733,0.8664254149359323,0.3920107685109817,43503
422,/home/projects/bagon/shared/imagenet512/val/n01601694/ILSVRC2012_val_00049775.JPEG,1224,18.881966548739,0.0009900197619572282,1.7530934311579098,0.9865970793439809,0.23599185153198068,43510
423,/home/projects/bagon/shared/imagenet512/val/n02974003/ILSVRC2012_val_00002405.JPEG,1034,9.996863865293562,0.0009999042376875877,2.1420067134960092,0.9979163150611097,0.32919670131843026,43518
424,/home/projects/bagon/shared/imagenet512/val/n02093991/ILSVRC2012_val_00024875.JPEG,742,4.244403111515567,0.0009953788248822093,0.9554355628980092,0.7776825567192474,0.1190036741736898,43522
425,/home/projects/bagon/shared/imagenet512/val/n03903868/ILSVRC2012_val_00030317.JPEG,831,5.7406117065111175,0.0009994279826059937,1.8247584180452037,0.9451891513282282,0.40897299972818585,43530
426,/home/projects/bagon/shared/imagenet512/val/n02749479/ILSVRC2012_val_00041685.JPEG,886,6.465559208067134,0.0009964506607502699,1.2268692155861045,0.896043278350821,0.31093644742569493,43549
