example_index,path,total_steps_to_epsilon,total_loss_sum,final_loss,weight_distance,softmax_wasserstein,grad_mass_wasserstein,universal_difficulty_rank,global_linear_cka
0,/home/projects/bagon/shared/imagenet512/val/n07720875/ILSVRC2012_val_00023892.JPEG,-1,2091.7192993164062,0.0019989013671875,0.06766012082858609,0.8128112397170709,0.007766376693836131,21037,0.9897336641404845
1,/home/projects/bagon/shared/imagenet512/val/n04482393/ILSVRC2012_val_00049567.JPEG,-1,6184.83992767334,0.002197265625,0.07691958155122597,0.9707182756211493,0.026102758988394884,21039,0.9846845878280646
2,/home/projects/bagon/shared/imagenet512/val/n02123394/ILSVRC2012_val_00003382.JPEG,-1,6006.148651123047,0.001983642578125,0.07054849868529485,0.9773672854641442,0.004385046032802809,21047,0.9822559817766034
3,/home/projects/bagon/shared/imagenet512/val/n04127249/ILSVRC2012_val_00033544.JPEG,-1,4156.015319824219,0.0016326904296875,0.06784867210928036,0.9592820112782087,0.011434411296434474,21048,0.9715335805537204
4,/home/projects/bagon/shared/imagenet512/val/n01692333/ILSVRC2012_val_00015190.JPEG,-1,2684.6041107177734,0.00115203857421875,0.06573607440995297,0.8713911412449126,0.005597678842205611,21059,0.9882570216683999
5,/home/projects/bagon/shared/imagenet512/val/n03095699/ILSVRC2012_val_00018818.JPEG,-1,2256.8385162353516,0.001617431640625,0.06770751586896633,0.8672941356483294,0.009707921565743734,21065,0.9829487228864885
6,/home/projects/bagon/shared/imagenet512/val/n02018207/ILSVRC2012_val_00006231.JPEG,-1,1402.6560134887695,0.00115966796875,0.059692001213801166,0.7477114858336518,0.016992492543376217,21066,0.9897594620865672
7,/home/projects/bagon/shared/imagenet512/val/n02002724/ILSVRC2012_val_00018159.JPEG,-1,1468.2927474975586,0.0016021728515625,0.060967394201368943,0.7188043722101317,0.008038799202362893,21078,0.9724614881782894
8,/home/projects/bagon/shared/imagenet512/val/n01532829/ILSVRC2012_val_00038160.JPEG,-1,6072.7510986328125,0.0020599365234375,0.07796025471304033,0.9607492954606844,0.006544337272128938,21088,0.9884839743502422
9,/home/projects/bagon/shared/imagenet512/val/n01955084/ILSVRC2012_val_00018435.JPEG,6454,706.6129035949707,0.000949859619140625,0.04315175354994776,0.6137414186012337,0.0014076518825075377,21094,0.9815739387685439
10,/home/projects/bagon/shared/imagenet512/val/n12267677/ILSVRC2012_val_00024975.JPEG,-1,7539.239463806152,0.0020904541015625,0.07862858235085689,0.9761808652174613,0.005753310936430899,21104,0.9809468172764019
11,/home/projects/bagon/shared/imagenet512/val/n01986214/ILSVRC2012_val_00009485.JPEG,9191,160.35411834716797,0.00095367431640625,0.042949392765554435,0.16887113433729278,0.0038982521655715812,21111,0.9941444660774708
12,/home/projects/bagon/shared/imagenet512/val/n01689811/ILSVRC2012_val_00038667.JPEG,9071,2234.916603088379,0.00099945068359375,0.05535406869328705,0.8931357461335198,0.005821871091079492,21115,0.9713432424283172
13,/home/projects/bagon/shared/imagenet512/val/n02115641/ILSVRC2012_val_00029825.JPEG,-1,1193.9981002807617,0.0015716552734375,0.06479615188174842,0.6020307697509834,0.011458553378233928,21119,0.9872375243349429
14,/home/projects/bagon/shared/imagenet512/val/n04423845/ILSVRC2012_val_00047072.JPEG,-1,12336.552864074707,0.00146484375,0.07849693002977046,0.9966790739882813,0.006340627391352847,21132,0.9932454423863325
15,/home/projects/bagon/shared/imagenet512/val/n02442845/ILSVRC2012_val_00048096.JPEG,-1,2695.466522216797,0.0025177001953125,0.0686287570746942,0.8773568426954015,0.007236005437972263,21144,0.9814082778338709
16,/home/projects/bagon/shared/imagenet512/val/n02321529/ILSVRC2012_val_00024300.JPEG,-1,527.9081726074219,0.00128173828125,0.05488270418960714,0.4091280840121545,0.006462487336329587,21151,0.9923994872824664
17,/home/projects/bagon/shared/imagenet512/val/n03085013/ILSVRC2012_val_00008331.JPEG,-1,3814.1273803710938,0.004791259765625,0.07849917515517918,0.9161798381986757,0.009344763672491707,21163,0.9837378850069828
18,/home/projects/bagon/shared/imagenet512/val/n02088094/ILSVRC2012_val_00014386.JPEG,-1,2852.372116088867,0.00160980224609375,0.06854397369104741,0.8677844437123364,0.007223678575937935,21169,0.9869107005870188
19,/home/projects/bagon/shared/imagenet512/val/n02009912/ILSVRC2012_val_00005474.JPEG,-1,1199.943359375,0.00396728515625,0.07055467953187555,0.5739216846484748,0.020051471187115803,21191,0.970637291798786
20,/home/projects/bagon/shared/imagenet512/val/n01440764/ILSVRC2012_val_00028158.JPEG,-1,1229.3447647094727,0.001861572265625,0.06425843106440263,0.6623212599717594,0.012108945010574433,21211,0.9904553014403015
21,/home/projects/bagon/shared/imagenet512/val/n02422106/ILSVRC2012_val_00038984.JPEG,-1,3857.097122192383,0.0030059814453125,0.07766773466551671,0.9262653631355235,0.014588533642183817,21213,0.9821125124332878
22,/home/projects/bagon/shared/imagenet512/val/n04090263/ILSVRC2012_val_00028504.JPEG,-1,4431.475494384766,0.004241943359375,0.07118992609431138,0.9594048091249717,0.021811577362082373,21231,0.9905691306934252
23,/home/projects/bagon/shared/imagenet512/val/n02408429/ILSVRC2012_val_00008103.JPEG,-1,3867.26602935791,0.0016021728515625,0.07116533939144944,0.9297734424707896,0.005456874975515417,21246,0.9851024551101992
24,/home/projects/bagon/shared/imagenet512/val/n01729322/ILSVRC2012_val_00006440.JPEG,-1,2133.976043701172,0.00445556640625,0.0811209395474973,0.7104892316617967,0.008051712745302309,21263,0.9856378963658139
25,/home/projects/bagon/shared/imagenet512/val/n03908714/ILSVRC2012_val_00005829.JPEG,7503,54.763275146484375,0.0009918212890625,0.030191970768908838,0.06197215246251604,0.008730036108361983,21267,0.9981820908905066
26,/home/projects/bagon/shared/imagenet512/val/n01739381/ILSVRC2012_val_00039185.JPEG,-1,3596.5675659179688,0.0036163330078125,0.07710966974416865,0.9033324878388358,0.01030387960109726,21285,0.9507886914712641
27,/home/projects/bagon/shared/imagenet512/val/n04251144/ILSVRC2012_val_00036339.JPEG,-1,590.9411010742188,0.001434326171875,0.05738708721747581,0.38779157323272073,0.0022925383199163853,21322,0.9924169324706369
28,/home/projects/bagon/shared/imagenet512/val/n13052670/ILSVRC2012_val_00002537.JPEG,8702,1158.3308868408203,0.0009613037109375,0.049919858137870594,0.6935424122016889,0.0026114753761376525,21328,0.9825779078252638
29,/home/projects/bagon/shared/imagenet512/val/n04275548/ILSVRC2012_val_00014968.JPEG,-1,1931.5858535766602,0.001251220703125,0.0527029818898585,0.8789555296103714,0.006182827618815712,21342,0.9902466380268096
30,/home/projects/bagon/shared/imagenet512/val/n02108915/ILSVRC2012_val_00026558.JPEG,-1,1406.7879028320312,0.004119873046875,0.07870786176435488,0.5613709122736665,0.007918100613810394,21366,0.9863114188083612
31,/home/projects/bagon/shared/imagenet512/val/n02113023/ILSVRC2012_val_00036894.JPEG,-1,5813.670593261719,0.0032806396484375,0.07645985576260453,0.9723725447211213,0.0082976961327915,21381,0.965915017254008
32,/home/projects/bagon/shared/imagenet512/val/n03376595/ILSVRC2012_val_00035959.JPEG,-1,873.4021759033203,0.00119781494140625,0.05765561731255655,0.5324033346700843,0.005994554120566639,21386,0.9920279885782554
33,/home/projects/bagon/shared/imagenet512/val/n02667093/ILSVRC2012_val_00017329.JPEG,-1,348.9710693359375,0.00109100341796875,0.050506512576687,0.2981257216123781,0.005476514211604753,21536,0.9951138377016147
34,/home/projects/bagon/shared/imagenet512/val/n04141975/ILSVRC2012_val_00040149.JPEG,-1,325.3806381225586,0.0012054443359375,0.049089014469274626,0.30790869215405253,0.005392834552126137,21655,0.9941535546057145
35,/home/projects/bagon/shared/imagenet512/val/n02328150/ILSVRC2012_val_00032730.JPEG,-1,1808.1610946655273,0.00146484375,0.063133837644315,0.7919715876021575,0.004114548122299465,21657,0.9834181831988186
36,/home/projects/bagon/shared/imagenet512/val/n02797295/ILSVRC2012_val_00035053.JPEG,9993,1543.1858673095703,0.00099945068359375,0.05607587741837604,0.8192543396073805,0.005964108060754134,21658,0.9916262696254728
37,/home/projects/bagon/shared/imagenet512/val/n02454379/ILSVRC2012_val_00005355.JPEG,-1,5231.875617980957,0.00154876708984375,0.07178096113702694,0.9647622404648453,0.005694123709281579,21659,0.9525219682244902
38,/home/projects/bagon/shared/imagenet512/val/n02134418/ILSVRC2012_val_00016132.JPEG,-1,6700.12060546875,0.0027923583984375,0.08183590350325536,0.9653654950060379,0.004342513631243739,21671,0.9771972847018566
39,/home/projects/bagon/shared/imagenet512/val/n02233338/ILSVRC2012_val_00016160.JPEG,-1,1589.020767211914,0.00182342529296875,0.06771328868940883,0.7122053961139271,0.0028042724312141876,21708,0.9894811445673207
40,/home/projects/bagon/shared/imagenet512/val/n03666591/ILSVRC2012_val_00005516.JPEG,-1,4518.610786437988,0.0013885498046875,0.07177446519495914,0.9370912585793062,0.009188918329712744,21710,0.9877602200110079
41,/home/projects/bagon/shared/imagenet512/val/n04417672/ILSVRC2012_val_00026663.JPEG,-1,3826.9983444213867,0.00162506103515625,0.0624308170610378,0.9733198728960937,0.011774972919155264,21711,0.980864117176392
42,/home/projects/bagon/shared/imagenet512/val/n03000684/ILSVRC2012_val_00042907.JPEG,9069,628.8226356506348,0.000949859619140625,0.04699437698589588,0.6081592805059771,0.003279501147042868,21721,0.9794387783155538
43,/home/projects/bagon/shared/imagenet512/val/n02669723/ILSVRC2012_val_00021881.JPEG,-1,1669.3330383300781,0.00433349609375,0.07120670757441468,0.7282822161847109,0.012691217266227635,21733,0.9846523384308361
44,/home/projects/bagon/shared/imagenet512/val/n02978881/ILSVRC2012_val_00046708.JPEG,-1,17090.506607055664,0.0026092529296875,0.08286120238011589,0.9962593640677706,0.005102253862040409,21749,0.9710892976840526
45,/home/projects/bagon/shared/imagenet512/val/n03877845/ILSVRC2012_val_00023227.JPEG,-1,335.3043441772461,0.0019378662109375,0.05589414701887368,0.23717288182240545,0.004398041238828782,21756,0.9885963825441457
46,/home/projects/bagon/shared/imagenet512/val/n03804744/ILSVRC2012_val_00013531.JPEG,-1,2197.4823455810547,0.00124359130859375,0.06463597397047766,0.8239600025410123,0.005989880410513106,21760,0.9852359065775831
47,/home/projects/bagon/shared/imagenet512/val/n02892767/ILSVRC2012_val_00041849.JPEG,9427,434.9449920654297,0.00095367431640625,0.04663962964601991,0.4611177012999199,0.03855342965204722,21768,0.9960184921879436
48,/home/projects/bagon/shared/imagenet512/val/n03794056/ILSVRC2012_val_00022828.JPEG,-1,1715.738525390625,0.00118255615234375,0.06408478787535404,0.7658194409594634,0.002129790989626597,21771,0.9933426961900342
49,/home/projects/bagon/shared/imagenet512/val/n02396427/ILSVRC2012_val_00046930.JPEG,-1,1216.2011413574219,0.006744384765625,0.08314258318329139,0.4584265441493287,0.013862995704551007,21814,0.9808548601803606
50,/home/projects/bagon/shared/imagenet512/val/n01860187/ILSVRC2012_val_00033733.JPEG,-1,1604.289291381836,0.001953125,0.07279506312663601,0.6458199151091896,0.0027175877371806564,21836,0.9862923977326455
51,/home/projects/bagon/shared/imagenet512/val/n02951358/ILSVRC2012_val_00023856.JPEG,-1,223.01335906982422,0.00127410888671875,0.04943422777638751,0.17248510419011837,0.004033664905195889,21854,0.9893487836818787
52,/home/projects/bagon/shared/imagenet512/val/n02097209/ILSVRC2012_val_00033454.JPEG,-1,1769.4866027832031,0.0027008056640625,0.0743665360332913,0.6819573443168438,0.019907788912515455,21859,0.9701912771259651
53,/home/projects/bagon/shared/imagenet512/val/n04120489/ILSVRC2012_val_00038922.JPEG,5112,661.7679290771484,0.00099945068359375,0.0369177263285251,0.5935698225947749,0.017799653208068845,21867,0.9940057982654501
54,/home/projects/bagon/shared/imagenet512/val/n06874185/ILSVRC2012_val_00030276.JPEG,7705,378.7167778015137,0.000926971435546875,0.044503833681431,0.3617150853089015,0.004899844461179515,21868,0.9899801170928634
55,/home/projects/bagon/shared/imagenet512/val/n02099267/ILSVRC2012_val_00000824.JPEG,-1,911.8438873291016,0.0035552978515625,0.06671013713043572,0.5159769508324403,0.01546843356327545,21880,0.9890426860953678
56,/home/projects/bagon/shared/imagenet512/val/n01632458/ILSVRC2012_val_00035814.JPEG,-1,1548.7362670898438,0.00146484375,0.06170984236133266,0.748321255147955,0.011143519446843412,21903,0.9842030845686635
57,/home/projects/bagon/shared/imagenet512/val/n01735189/ILSVRC2012_val_00037764.JPEG,-1,641.0038986206055,0.0013275146484375,0.053424418408914466,0.4828184863443096,0.0033053081978993964,21913,0.9903748535395117
58,/home/projects/bagon/shared/imagenet512/val/n03929660/ILSVRC2012_val_00022410.JPEG,9813,537.2457504272461,0.00099945068359375,0.05253932418710033,0.42238157041201146,0.004892744860607725,21916,0.9897058608809183
59,/home/projects/bagon/shared/imagenet512/val/n02963159/ILSVRC2012_val_00038892.JPEG,-1,4954.241195678711,0.003631591796875,0.08685489129311717,0.9186032027186966,0.0034846279819219384,21930,0.9830506598264455
60,/home/projects/bagon/shared/imagenet512/val/n01530575/ILSVRC2012_val_00012814.JPEG,-1,3964.9671020507812,0.0022735595703125,0.0754692913435884,0.914349197967751,0.01130923382149047,21945,0.9852190623553244
61,/home/projects/bagon/shared/imagenet512/val/n03729826/ILSVRC2012_val_00042218.JPEG,-1,850.5346984863281,0.00112152099609375,0.054988404016011364,0.5359055352459027,0.009846568343415234,22021,0.9942142672449237
62,/home/projects/bagon/shared/imagenet512/val/n04204238/ILSVRC2012_val_00027294.JPEG,-1,3128.0891189575195,0.001861572265625,0.06542126819879256,0.9289314013590486,0.009159909895976428,22035,0.9860916037035972
63,/home/projects/bagon/shared/imagenet512/val/n01770393/ILSVRC2012_val_00048800.JPEG,7544,1232.7888717651367,0.00099945068359375,0.048053588474037914,0.7720983738995302,0.019389820691297396,22211,0.9940178019959554
64,/home/projects/bagon/shared/imagenet512/val/n01744401/ILSVRC2012_val_00046489.JPEG,-1,7014.693588256836,0.003448486328125,0.07700272571981524,0.9864450032801115,0.00814781656618928,22217,0.9754292221685084
65,/home/projects/bagon/shared/imagenet512/val/n02787622/ILSVRC2012_val_00046921.JPEG,-1,6890.5379638671875,0.00213623046875,0.0787218336589489,0.9739451930410907,0.004418551515411224,22226,0.9904098897982192
66,/home/projects/bagon/shared/imagenet512/val/n02099849/ILSVRC2012_val_00021344.JPEG,-1,7780.15348815918,0.00191497802734375,0.07609498485109928,0.9843193906051431,0.012519624148059301,22235,0.9774229950881822
67,/home/projects/bagon/shared/imagenet512/val/n02510455/ILSVRC2012_val_00006012.JPEG,-1,5711.090423583984,0.002899169921875,0.07937471436754444,0.9631795588222796,0.015057386729163517,22236,0.9782140383369504
68,/home/projects/bagon/shared/imagenet512/val/n02422106/ILSVRC2012_val_00049022.JPEG,-1,1115.3712005615234,0.0021514892578125,0.06674728190011962,0.579187427857744,0.007877795231461055,22245,0.9851183908760568
69,/home/projects/bagon/shared/imagenet512/val/n02101388/ILSVRC2012_val_00031599.JPEG,-1,3942.6376953125,0.006988525390625,0.08916054026602528,0.8778993916125389,0.01012156833570738,22292,0.98619673499464
70,/home/projects/bagon/shared/imagenet512/val/n02167151/ILSVRC2012_val_00049611.JPEG,-1,1501.3659057617188,0.002655029296875,0.07076659510732865,0.6667792884080773,0.014203683056336009,22302,0.9494127349742845
71,/home/projects/bagon/shared/imagenet512/val/n01882714/ILSVRC2012_val_00005734.JPEG,-1,2910.4094467163086,0.00116729736328125,0.06763516838895928,0.8829993015646453,0.00476560054464838,22303,0.9821731916250931
72,/home/projects/bagon/shared/imagenet512/val/n04208210/ILSVRC2012_val_00035208.JPEG,-1,10509.113571166992,0.00174713134765625,0.08163190901484393,0.9909311205709398,0.012508702773332188,22313,0.9833505282037421
73,/home/projects/bagon/shared/imagenet512/val/n02445715/ILSVRC2012_val_00008722.JPEG,-1,1489.0111236572266,0.0015716552734375,0.06328275051218389,0.7514906348104281,0.006822072994378441,22334,0.9905412654564596
74,/home/projects/bagon/shared/imagenet512/val/n03187595/ILSVRC2012_val_00016388.JPEG,-1,8261.259796142578,0.00201416015625,0.08000654075788295,0.9845512035993691,0.0075839283734568394,22345,0.986535515368025
75,/home/projects/bagon/shared/imagenet512/val/n04204347/ILSVRC2012_val_00015201.JPEG,-1,535.0464477539062,0.00140380859375,0.052488598960497616,0.4050107034133696,0.005628032926627482,22352,0.9915876835205222
76,/home/projects/bagon/shared/imagenet512/val/n04487394/ILSVRC2012_val_00010269.JPEG,-1,4167.38981628418,0.0036468505859375,0.07992035807054,0.9143757609727284,0.007471009452892619,22358,0.9840121977283381
77,/home/projects/bagon/shared/imagenet512/val/n02037110/ILSVRC2012_val_00000548.JPEG,-1,2216.989990234375,0.003021240234375,0.07595945608989067,0.730156700965009,0.011212094322250248,22359,0.9894864286489103
78,/home/projects/bagon/shared/imagenet512/val/n03930313/ILSVRC2012_val_00003290.JPEG,-1,2288.8327713012695,0.00128936767578125,0.061339167354866955,0.8678617153149217,0.008093569124037227,22362,0.9909817113588458
79,/home/projects/bagon/shared/imagenet512/val/n02840245/ILSVRC2012_val_00005370.JPEG,-1,2085.815605163574,0.00189208984375,0.07080574565507224,0.7890386865749824,0.0043312414815257945,22391,0.9808785554088449
80,/home/projects/bagon/shared/imagenet512/val/n01443537/ILSVRC2012_val_00002848.JPEG,-1,1750.7402267456055,0.0013275146484375,0.06055689713074687,0.8057142553305413,0.017856905376065012,22398,0.9924314985253678
81,/home/projects/bagon/shared/imagenet512/val/n01498041/ILSVRC2012_val_00033337.JPEG,-1,4142.398475646973,0.00164794921875,0.05900649129432499,0.9646940619990533,0.015126187852323048,22456,0.9868299678391634
82,/home/projects/bagon/shared/imagenet512/val/n02051845/ILSVRC2012_val_00041754.JPEG,-1,4860.099479675293,0.00148773193359375,0.07568740971776765,0.9408030624719823,0.005955937571385359,22759,0.9864237185694157
83,/home/projects/bagon/shared/imagenet512/val/n02109525/ILSVRC2012_val_00034007.JPEG,-1,6647.046722412109,0.0030059814453125,0.0820550201808092,0.973890693170536,0.004848210630328831,22766,0.9857836101485442
84,/home/projects/bagon/shared/imagenet512/val/n02536864/ILSVRC2012_val_00046522.JPEG,-1,3850.980514526367,0.003021240234375,0.07910539843510868,0.9068445666871984,0.005337508783880882,22778,0.9787539644705048
85,/home/projects/bagon/shared/imagenet512/val/n03724870/ILSVRC2012_val_00032913.JPEG,-1,7144.798500061035,0.0017852783203125,0.07119862186554954,0.9844108230420269,0.013862842457872126,22784,0.9842227968798745
86,/home/projects/bagon/shared/imagenet512/val/n02100735/ILSVRC2012_val_00046878.JPEG,9053,5846.1760902404785,0.000926971435546875,0.06294635277705227,0.9792003794245993,0.0054976755232149285,22810,0.9717020865833007
87,/home/projects/bagon/shared/imagenet512/val/n04041544/ILSVRC2012_val_00017613.JPEG,-1,3432.5887908935547,0.00384521484375,0.08419276969792916,0.8493885005977349,0.00411488041853003,22820,0.9871570985337201
88,/home/projects/bagon/shared/imagenet512/val/n02095570/ILSVRC2012_val_00026738.JPEG,-1,3140.247528076172,0.0068359375,0.08307506385790642,0.8352407019122866,0.022442017178064176,22829,0.9840792709028591
89,/home/projects/bagon/shared/imagenet512/val/n04273569/ILSVRC2012_val_00031072.JPEG,-1,3287.9661865234375,0.00323486328125,0.08199686391363677,0.840452315255126,0.00636396008938836,22831,0.9750526875550036
90,/home/projects/bagon/shared/imagenet512/val/n01806143/ILSVRC2012_val_00014890.JPEG,7491,445.16011810302734,0.00099945068359375,0.03963740457188808,0.5302959797792591,0.006637088520479714,22877,0.9973485236114761
91,/home/projects/bagon/shared/imagenet512/val/n03770439/ILSVRC2012_val_00012737.JPEG,-1,11808.976257324219,0.01019287109375,0.09296394927394595,0.9781175565461047,0.015404297402878795,22941,0.9782879776999609
92,/home/projects/bagon/shared/imagenet512/val/n04584207/ILSVRC2012_val_00043156.JPEG,-1,1620.2969512939453,0.00110626220703125,0.054523671354586724,0.8179960561774456,0.014626748578610384,23034,0.9808106986151689
93,/home/projects/bagon/shared/imagenet512/val/n03930630/ILSVRC2012_val_00013435.JPEG,-1,711.2802734375,0.002410888671875,0.06571061871013471,0.39787841759866344,0.007296578966484237,23073,0.9928966198464887
94,/home/projects/bagon/shared/imagenet512/val/n04418357/ILSVRC2012_val_00009384.JPEG,-1,1499.3632888793945,0.00171661376953125,0.06439230609086623,0.6766995217360047,0.00889352199244275,23084,0.9794788870114663
95,/home/projects/bagon/shared/imagenet512/val/n02087046/ILSVRC2012_val_00038335.JPEG,-1,1453.7623138427734,0.00286865234375,0.07540279881386008,0.5926493394184327,0.009714522827566985,23097,0.9522156421896383
96,/home/projects/bagon/shared/imagenet512/val/n04461696/ILSVRC2012_val_00031782.JPEG,-1,2402.3702850341797,0.002655029296875,0.07781632069232121,0.7559342791804884,0.010626376454250658,23143,0.9933479896746434
97,/home/projects/bagon/shared/imagenet512/val/n07615774/ILSVRC2012_val_00033375.JPEG,-1,6106.194999694824,0.001220703125,0.06668212343760344,0.9812388736581312,0.015319362423562246,23151,0.9843247550008748
98,/home/projects/bagon/shared/imagenet512/val/n02086910/ILSVRC2012_val_00001389.JPEG,-1,5503.806213378906,0.0054931640625,0.09054399134735513,0.9186794900676026,0.011072028899564011,23174,0.9889836310023484
99,/home/projects/bagon/shared/imagenet512/val/n03868863/ILSVRC2012_val_00005568.JPEG,-1,4196.742141723633,0.0013885498046875,0.06881266342058072,0.9459097309649808,0.003946187900645994,23177,0.9875823981030373
100,/home/projects/bagon/shared/imagenet512/val/n02107312/ILSVRC2012_val_00048723.JPEG,-1,423.4778289794922,0.0023193359375,0.061513222278598456,0.2541835773572075,0.01737812636323506,23179,0.9899775560738403
101,/home/projects/bagon/shared/imagenet512/val/n01688243/ILSVRC2012_val_00015981.JPEG,8100,663.0265960693359,0.00096893310546875,0.049321919604881435,0.547496599400335,0.005314798796909231,23200,0.97996434152816
102,/home/projects/bagon/shared/imagenet512/val/n02457408/ILSVRC2012_val_00031565.JPEG,-1,3025.1253356933594,0.00118255615234375,0.06112469506921366,0.9233561365009446,0.003641173871820955,23211,0.9836432822923445
103,/home/projects/bagon/shared/imagenet512/val/n04149813/ILSVRC2012_val_00048154.JPEG,7596,89.30461120605469,0.00099945068359375,0.0349877461131925,0.10194205781053518,0.0035246733148411417,23222,0.9925889671109064
104,/home/projects/bagon/shared/imagenet512/val/n03976467/ILSVRC2012_val_00009106.JPEG,-1,4392.068222045898,0.002899169921875,0.0809148795735332,0.909287301157832,0.003208234797226048,23228,0.9891051856134692
105,/home/projects/bagon/shared/imagenet512/val/n02483708/ILSVRC2012_val_00028746.JPEG,-1,3934.5443115234375,0.0026092529296875,0.07088361661663896,0.9399919269114446,0.002934920032939114,23229,0.9843577336448948
106,/home/projects/bagon/shared/imagenet512/val/n03908714/ILSVRC2012_val_00034380.JPEG,-1,8835.253356933594,0.00408935546875,0.08918123648546737,0.9768229911357638,0.011018292169154445,23281,0.9830764284716603
107,/home/projects/bagon/shared/imagenet512/val/n02099601/ILSVRC2012_val_00012954.JPEG,-1,3597.9524841308594,0.0027313232421875,0.07167325859512315,0.9229532632539785,0.010916800722859256,23282,0.9789094410970218
108,/home/projects/bagon/shared/imagenet512/val/n04536866/ILSVRC2012_val_00025413.JPEG,-1,2105.4122009277344,0.003448486328125,0.07774109769253326,0.7267575801426212,0.011072838820564753,23306,0.9906758472997921
109,/home/projects/bagon/shared/imagenet512/val/n04111531/ILSVRC2012_val_00019568.JPEG,6646,439.31164932250977,0.000972747802734375,0.04152224077050603,0.433517950616319,0.0012093090251701017,23317,0.9944996079052679
110,/home/projects/bagon/shared/imagenet512/val/n03126707/ILSVRC2012_val_00043871.JPEG,8696,525.2701034545898,0.0009613037109375,0.04905239187823939,0.4535755229216979,0.004420573475012833,23335,0.9935476762095515
111,/home/projects/bagon/shared/imagenet512/val/n02091134/ILSVRC2012_val_00031544.JPEG,-1,893.894287109375,0.001312255859375,0.059928280153420346,0.5512655561665156,0.006327577135627653,23339,0.9904475713704358
112,/home/projects/bagon/shared/imagenet512/val/n02493509/ILSVRC2012_val_00013541.JPEG,-1,787.1961059570312,0.0023651123046875,0.06571368417832303,0.5040000084047559,0.008163673610910627,23361,0.9832035628618668
113,/home/projects/bagon/shared/imagenet512/val/n02910353/ILSVRC2012_val_00004324.JPEG,5453,56.17120361328125,0.00095367431640625,0.025977902885801405,0.1035211623204074,0.006252794791641885,23387,0.9953219413817941
114,/home/projects/bagon/shared/imagenet512/val/n02071294/ILSVRC2012_val_00048794.JPEG,-1,150.54803466796875,0.0013885498046875,0.04613798300926086,0.12135541210663271,0.0019065751173663768,23393,0.9958950596778364
115,/home/projects/bagon/shared/imagenet512/val/n04118776/ILSVRC2012_val_00048870.JPEG,9175,1072.8680801391602,0.00099945068359375,0.05508562345009532,0.6642771899298021,0.006926590748416898,23537,0.9957868649533259
116,/home/projects/bagon/shared/imagenet512/val/n01749939/ILSVRC2012_val_00043850.JPEG,-1,4979.187194824219,0.0033111572265625,0.07583460889419022,0.9526019848446158,0.01428230187957119,23547,0.9739823448191809
117,/home/projects/bagon/shared/imagenet512/val/n01532829/ILSVRC2012_val_00042370.JPEG,-1,1969.6600799560547,0.00167083740234375,0.06900490910237304,0.784975210783375,0.013069458772711805,23551,0.984252358767812
118,/home/projects/bagon/shared/imagenet512/val/n01924916/ILSVRC2012_val_00007683.JPEG,-1,4327.0418701171875,0.005767822265625,0.08964052618154111,0.8663311034064715,0.002970184685232167,23560,0.9708667721143969
119,/home/projects/bagon/shared/imagenet512/val/n01697457/ILSVRC2012_val_00018000.JPEG,-1,523.6862487792969,0.00122833251953125,0.0539148558184894,0.41522815887728576,0.019487986116956964,23571,0.9797348306217694
120,/home/projects/bagon/shared/imagenet512/val/n07802026/ILSVRC2012_val_00026159.JPEG,8334,3210.5487899780273,0.0009918212890625,0.05035101723907026,0.9678148967010964,0.03183706791488102,23575,0.9914555417113263
121,/home/projects/bagon/shared/imagenet512/val/n04039381/ILSVRC2012_val_00037671.JPEG,-1,3732.4302368164062,0.0019989013671875,0.07238088306908289,0.9164969507873753,0.009909220707904294,23577,0.9833338847895721
122,/home/projects/bagon/shared/imagenet512/val/n04435653/ILSVRC2012_val_00004121.JPEG,5996,583.4687118530273,0.00099945068359375,0.04141001733947309,0.5628346335688448,0.0007767605601925499,23579,0.9948475630815352
123,/home/projects/bagon/shared/imagenet512/val/n02058221/ILSVRC2012_val_00035517.JPEG,-1,950.0734481811523,0.0014495849609375,0.06070469642688313,0.5332636391736545,0.01851728000541003,23600,0.9912247584177603
124,/home/projects/bagon/shared/imagenet512/val/n04536866/ILSVRC2012_val_00000212.JPEG,-1,2290.6715240478516,0.002532958984375,0.062369800007838386,0.8777682734236397,0.004785791249352148,23602,0.9911595476677918
125,/home/projects/bagon/shared/imagenet512/val/n04328186/ILSVRC2012_val_00011717.JPEG,-1,9169.137939453125,0.011962890625,0.09211003675103747,0.9616537087019351,0.005397430597707956,23612,0.9743070663206577
126,/home/projects/bagon/shared/imagenet512/val/n12267677/ILSVRC2012_val_00031998.JPEG,-1,9949.43278503418,0.0023040771484375,0.07523674615856792,0.9901662418035171,0.00353359269068702,23616,0.9804274617965427
127,/home/projects/bagon/shared/imagenet512/val/n02091134/ILSVRC2012_val_00041224.JPEG,-1,5049.140899658203,0.00347900390625,0.08568885723378952,0.9102831015859456,0.011727860205608634,23631,0.9805007043173694
128,/home/projects/bagon/shared/imagenet512/val/n02865351/ILSVRC2012_val_00046688.JPEG,9190,522.3979072570801,0.000972747802734375,0.04897792924165648,0.5171906961493798,0.006318634354981206,23632,0.9817644521408575
129,/home/projects/bagon/shared/imagenet512/val/n01608432/ILSVRC2012_val_00033214.JPEG,9434,756.7454452514648,0.00096893310546875,0.04790687314765725,0.6082819344499264,0.016910172409013487,23634,0.9830809236414433
130,/home/projects/bagon/shared/imagenet512/val/n02096051/ILSVRC2012_val_00027860.JPEG,-1,406.2776107788086,0.0019378662109375,0.05897689396684172,0.2671755820470912,0.012351682350121587,23660,0.9891701187464451
131,/home/projects/bagon/shared/imagenet512/val/n02727426/ILSVRC2012_val_00015988.JPEG,8400,563.5255279541016,0.0009765625,0.04770009293481336,0.5139376887088833,0.007032663630397387,23663,0.993849042770459
132,/home/projects/bagon/shared/imagenet512/val/n04228054/ILSVRC2012_val_00007148.JPEG,9143,424.90206146240234,0.0009918212890625,0.04865193825416193,0.3779681516037632,0.001633476313972551,23672,0.9912215815472046
133,/home/projects/bagon/shared/imagenet512/val/n01784675/ILSVRC2012_val_00011861.JPEG,-1,3273.864242553711,0.001190185546875,0.05832987903785645,0.9457450396473301,0.004179970214185672,23674,0.990152361775853
134,/home/projects/bagon/shared/imagenet512/val/n02107683/ILSVRC2012_val_00029946.JPEG,-1,9041.48159790039,0.006317138671875,0.08965665340196238,0.9711292619449445,0.003938910188714475,23683,0.9826118444005453
135,/home/projects/bagon/shared/imagenet512/val/n02113624/ILSVRC2012_val_00006887.JPEG,-1,2370.7706909179688,0.007080078125,0.08639766394881611,0.6870093171232883,0.008182667556331994,23762,0.9854427604609411
136,/home/projects/bagon/shared/imagenet512/val/n01945685/ILSVRC2012_val_00024260.JPEG,-1,1408.9400939941406,0.0012664794921875,0.06268845742850458,0.7071984379974869,0.005211907604425372,23793,0.9831473663707353
137,/home/projects/bagon/shared/imagenet512/val/n02086240/ILSVRC2012_val_00012394.JPEG,-1,2599.263397216797,0.00396728515625,0.08006711039548262,0.8197213124843945,0.007676579924020349,23879,0.9885670126295212
138,/home/projects/bagon/shared/imagenet512/val/n02869837/ILSVRC2012_val_00016726.JPEG,-1,8580.325553894043,0.0016326904296875,0.07547425852851,0.9925681046570008,0.012026285291416224,23909,0.9881248856914538
139,/home/projects/bagon/shared/imagenet512/val/n04259630/ILSVRC2012_val_00006089.JPEG,-1,10736.5322265625,0.0020751953125,0.08207884901283956,0.9920295350676653,0.007438509694758186,23913,0.9848128057951087
140,/home/projects/bagon/shared/imagenet512/val/n02966193/ILSVRC2012_val_00012278.JPEG,8165,812.8873672485352,0.00098419189453125,0.05017904760987321,0.5960168250633467,0.006868335459520062,23914,0.9933972765340912
141,/home/projects/bagon/shared/imagenet512/val/n01990800/ILSVRC2012_val_00046912.JPEG,-1,10521.72501373291,0.00173187255859375,0.08039903453411627,0.9920607671598678,0.012000217898604447,23918,0.9758757319279359
142,/home/projects/bagon/shared/imagenet512/val/n03729826/ILSVRC2012_val_00041898.JPEG,-1,4495.063232421875,0.00115966796875,0.06561318616797661,0.9640641636820673,0.014191543403714764,23922,0.9793857137291047
143,/home/projects/bagon/shared/imagenet512/val/n03857828/ILSVRC2012_val_00023588.JPEG,-1,355.91515350341797,0.00107574462890625,0.04769761508917763,0.3290823529286462,0.010153269892033082,23928,0.989828775413417
144,/home/projects/bagon/shared/imagenet512/val/n02088632/ILSVRC2012_val_00038498.JPEG,-1,1574.4651184082031,0.00144195556640625,0.06398745575686487,0.7242058299259941,0.00847091234637443,23954,0.9903289204863163
145,/home/projects/bagon/shared/imagenet512/val/n02276258/ILSVRC2012_val_00012764.JPEG,-1,10134.026191711426,0.0019073486328125,0.07111782530928061,0.9948910111480593,0.003271035755487723,23960,0.9885545000595864
146,/home/projects/bagon/shared/imagenet512/val/n02999410/ILSVRC2012_val_00019921.JPEG,-1,10280.424407958984,0.002349853515625,0.07475480431216289,0.9966061068724361,0.0034307367131379213,23981,0.9556506343981532
147,/home/projects/bagon/shared/imagenet512/val/n03584829/ILSVRC2012_val_00006813.JPEG,-1,4837.444374084473,0.00144195556640625,0.07482702741983115,0.945556225171313,0.0035919955658938177,23993,0.9828243600728239
148,/home/projects/bagon/shared/imagenet512/val/n02403003/ILSVRC2012_val_00016115.JPEG,-1,2805.3796997070312,0.002166748046875,0.07136881487243917,0.8698886210813812,0.013242620443455857,24000,0.986278796496384
149,/home/projects/bagon/shared/imagenet512/val/n02111277/ILSVRC2012_val_00001129.JPEG,8994,706.1575508117676,0.000957489013671875,0.05120682646807453,0.542547565177027,0.002924169646900494,24048,0.9877004746241062
150,/home/projects/bagon/shared/imagenet512/val/n02094433/ILSVRC2012_val_00021892.JPEG,-1,8465.193969726562,0.0242919921875,0.09527598425973517,0.924788958806122,0.016784633798852026,24094,0.9635261190393207
151,/home/projects/bagon/shared/imagenet512/val/n04133789/ILSVRC2012_val_00021228.JPEG,-1,767.8129425048828,0.002227783203125,0.06157047622685437,0.5202533788916237,0.007666871042776946,24099,0.9821448304856183
152,/home/projects/bagon/shared/imagenet512/val/n07711569/ILSVRC2012_val_00042589.JPEG,-1,1365.4033966064453,0.0022430419921875,0.06816174917596483,0.6472516698472506,0.008639672261655417,24125,0.9883786722906677
153,/home/projects/bagon/shared/imagenet512/val/n07695742/ILSVRC2012_val_00014687.JPEG,9570,2772.477325439453,0.00099945068359375,0.06307445936095579,0.8973207651027952,0.004055846221047769,24272,0.9881141351301527
154,/home/projects/bagon/shared/imagenet512/val/n02814533/ILSVRC2012_val_00018138.JPEG,-1,3674.4833374023438,0.005462646484375,0.08911337783104581,0.8366868497958841,0.004693593127492337,24280,0.9849589409037914
155,/home/projects/bagon/shared/imagenet512/val/n04311174/ILSVRC2012_val_00030265.JPEG,6624,2504.6736488342285,0.000965118408203125,0.045240968482043925,0.9479822726331135,0.003028421521307615,24283,0.9857960746904509
156,/home/projects/bagon/shared/imagenet512/val/n04336792/ILSVRC2012_val_00000535.JPEG,-1,7909.439239501953,0.00112152099609375,0.07177455497143795,0.9902540011221892,0.005427078093535628,24285,0.9829093012234704
157,/home/projects/bagon/shared/imagenet512/val/n02104029/ILSVRC2012_val_00047356.JPEG,-1,7078.40754699707,0.0034027099609375,0.07461259357079553,0.9847181724648312,0.0069120329136349475,24295,0.9658041320834585
158,/home/projects/bagon/shared/imagenet512/val/n07684084/ILSVRC2012_val_00041610.JPEG,-1,923.2066497802734,0.00164031982421875,0.06364625125646171,0.5150325258023302,0.005402436279878483,24300,0.9850471781390836
159,/home/projects/bagon/shared/imagenet512/val/n04277352/ILSVRC2012_val_00006163.JPEG,-1,7183.648788452148,0.0023345947265625,0.08316142122446205,0.9737014669253363,0.018963977246058993,24304,0.9786320910453717
160,/home/projects/bagon/shared/imagenet512/val/n01829413/ILSVRC2012_val_00008626.JPEG,-1,1576.059829711914,0.001953125,0.0660190388790738,0.7248973771257586,0.006501942976959269,24310,0.9906969432514309
161,/home/projects/bagon/shared/imagenet512/val/n03124170/ILSVRC2012_val_00005346.JPEG,-1,213.26679229736328,0.00128173828125,0.04449010588375625,0.2202310370744775,0.014345905864152821,24324,0.9959940160341296
162,/home/projects/bagon/shared/imagenet512/val/n02099267/ILSVRC2012_val_00017321.JPEG,-1,6911.404083251953,0.0036163330078125,0.07970826293055357,0.9745450659521792,0.017372178087620267,24328,0.9659477337520823
163,/home/projects/bagon/shared/imagenet512/val/n04613696/ILSVRC2012_val_00032256.JPEG,-1,2093.6213150024414,0.00185394287109375,0.0664406982133353,0.8189268179716429,0.011901015770621548,24335,0.9933210414189675
164,/home/projects/bagon/shared/imagenet512/val/n02389026/ILSVRC2012_val_00034108.JPEG,9985,2339.8952102661133,0.00098419189453125,0.05727527570976971,0.9044148509781798,0.013507858514534999,24379,0.9846449810602752
165,/home/projects/bagon/shared/imagenet512/val/n02090622/ILSVRC2012_val_00016991.JPEG,-1,355.8328170776367,0.00140380859375,0.0498788320404967,0.344828138522777,0.0038839967952757175,24409,0.9937723901151255
166,/home/projects/bagon/shared/imagenet512/val/n03895866/ILSVRC2012_val_00012957.JPEG,-1,1715.8260345458984,0.0025634765625,0.07450681094631845,0.6766656780382164,0.01585300012680125,24417,0.985063581484476
167,/home/projects/bagon/shared/imagenet512/val/n02099849/ILSVRC2012_val_00004997.JPEG,-1,2743.8720626831055,0.0017852783203125,0.06798110052501438,0.869235010647808,0.00531660133476389,24424,0.9843247919270524
168,/home/projects/bagon/shared/imagenet512/val/n02643566/ILSVRC2012_val_00034998.JPEG,8433,369.76021575927734,0.00099945068359375,0.04133953698037982,0.41770739018216574,0.013827100823877175,24427,0.993840864238039
169,/home/projects/bagon/shared/imagenet512/val/n02125311/ILSVRC2012_val_00010047.JPEG,-1,2267.218894958496,0.0014801025390625,0.06420368083353699,0.8649120131709873,0.006009980696526564,24428,0.9857634401359545
170,/home/projects/bagon/shared/imagenet512/val/n02892201/ILSVRC2012_val_00049903.JPEG,-1,3252.8782958984375,0.0018768310546875,0.07382923142128625,0.8907113623683518,0.0034126926102138267,24457,0.9875853081338711
171,/home/projects/bagon/shared/imagenet512/val/n04251144/ILSVRC2012_val_00028847.JPEG,-1,1779.748420715332,0.00162506103515625,0.0612132935413574,0.7697556935485872,0.005725906441299259,24512,0.9894329968488776
172,/home/projects/bagon/shared/imagenet512/val/n02403003/ILSVRC2012_val_00023387.JPEG,-1,2097.697479248047,0.0034942626953125,0.07960272848019467,0.66580364079506,0.003505373061759704,24561,0.9788687125633853
173,/home/projects/bagon/shared/imagenet512/val/n02017213/ILSVRC2012_val_00043456.JPEG,-1,6323.371932983398,0.00299072265625,0.08434637505589714,0.9517257381916359,0.00199724488157192,24576,0.9775994297443222
174,/home/projects/bagon/shared/imagenet512/val/n03935335/ILSVRC2012_val_00032699.JPEG,-1,1706.3200378417969,0.00201416015625,0.07032090650089812,0.7189624947349639,0.007740544080006257,24590,0.9852839286563908
175,/home/projects/bagon/shared/imagenet512/val/n02504013/ILSVRC2012_val_00023398.JPEG,-1,2457.532485961914,0.003814697265625,0.07822826039644569,0.7996206873796334,0.014002676584711968,24609,0.9819420477013296
176,/home/projects/bagon/shared/imagenet512/val/n02115913/ILSVRC2012_val_00003403.JPEG,-1,2294.263885498047,0.00157928466796875,0.06145539388235098,0.889212280679629,0.010421633269118631,24624,0.9882801902598273
177,/home/projects/bagon/shared/imagenet512/val/n04447861/ILSVRC2012_val_00004263.JPEG,-1,918.1881942749023,0.00107574462890625,0.0531943955182157,0.6696572248898867,0.022687669147441802,24629,0.992169069589006
178,/home/projects/bagon/shared/imagenet512/val/n02099601/ILSVRC2012_val_00006981.JPEG,-1,2141.6940155029297,0.00238037109375,0.07142063595492998,0.7762733776734068,0.008777407283132846,24637,0.9728187601507577
179,/home/projects/bagon/shared/imagenet512/val/n02356798/ILSVRC2012_val_00016105.JPEG,-1,14637.214080810547,0.00286865234375,0.08838225285036966,0.991564802283994,0.009297534608360882,24644,0.9626317271532935
180,/home/projects/bagon/shared/imagenet512/val/n07718472/ILSVRC2012_val_00042061.JPEG,-1,1706.0501327514648,0.0019378662109375,0.0640547841548547,0.8068058427815353,0.012179513594217532,24675,0.9885311450137602
181,/home/projects/bagon/shared/imagenet512/val/n03065424/ILSVRC2012_val_00029883.JPEG,-1,394.9857406616211,0.001190185546875,0.05020650516983635,0.3547588181004068,0.004763428019136159,24706,0.9935770486832994
182,/home/projects/bagon/shared/imagenet512/val/n04070727/ILSVRC2012_val_00006658.JPEG,-1,1964.5184783935547,0.0013427734375,0.06739813056502016,0.7549988616741945,0.0023500189608300012,24742,0.9812566520973277
183,/home/projects/bagon/shared/imagenet512/val/n02085620/ILSVRC2012_val_00002917.JPEG,-1,10063.203430175781,0.01092529296875,0.09446681605100259,0.9643221433010356,0.015895627207433684,24826,0.954321440873367
184,/home/projects/bagon/shared/imagenet512/val/n03124170/ILSVRC2012_val_00033776.JPEG,-1,1066.960090637207,0.00167083740234375,0.06415302642626629,0.5695363889843773,0.028487201429785794,24875,0.9883755982959357
185,/home/projects/bagon/shared/imagenet512/val/n02231487/ILSVRC2012_val_00044824.JPEG,8801,4358.554153442383,0.00096893310546875,0.060844345261414905,0.9376405813609477,0.00700430414447834,24881,0.9841120463881396
186,/home/projects/bagon/shared/imagenet512/val/n02028035/ILSVRC2012_val_00000751.JPEG,-1,5584.414848327637,0.00189208984375,0.07503695783589936,0.9780931555262906,0.01231025153803214,24882,0.9840080747402152
187,/home/projects/bagon/shared/imagenet512/val/n02410509/ILSVRC2012_val_00034061.JPEG,-1,2776.1712799072266,0.0021820068359375,0.06690388207880026,0.9162095582373498,0.007259614838346903,24908,0.9830870469199682
188,/home/projects/bagon/shared/imagenet512/val/n03424325/ILSVRC2012_val_00031677.JPEG,-1,5888.589050292969,0.0025177001953125,0.0777785905470203,0.9738227905705057,0.010566796923997358,24922,0.9620512941443866
189,/home/projects/bagon/shared/imagenet512/val/n13054560/ILSVRC2012_val_00022724.JPEG,-1,1959.9143676757812,0.004791259765625,0.08070505683182125,0.6960415890805427,0.0047985512217204596,24931,0.9879360307556334
190,/home/projects/bagon/shared/imagenet512/val/n02102480/ILSVRC2012_val_00007971.JPEG,-1,9658.315887451172,0.0019989013671875,0.07579199913061352,0.9930874896542694,0.007523771129897895,24934,0.9495996072165971
191,/home/projects/bagon/shared/imagenet512/val/n02787622/ILSVRC2012_val_00049293.JPEG,9219,415.8984832763672,0.00099945068359375,0.045490579834654724,0.389540160037527,0.006276018244367004,24936,0.9928245769764764
192,/home/projects/bagon/shared/imagenet512/val/n06794110/ILSVRC2012_val_00014864.JPEG,-1,13669.995849609375,0.0078125,0.09079107624678213,0.9797295408098854,0.019907009587821933,24944,0.9665748852550927
193,/home/projects/bagon/shared/imagenet512/val/n04200800/ILSVRC2012_val_00022813.JPEG,-1,4189.2476806640625,0.00102996826171875,0.06560186499227022,0.940604988762069,0.008676481538650763,24964,0.9907844582055039
194,/home/projects/bagon/shared/imagenet512/val/n04254777/ILSVRC2012_val_00048733.JPEG,-1,8541.551330566406,0.0027008056640625,0.08313996577408672,0.9836055240540286,0.00773382796919687,24969,0.9677446343422549
195,/home/projects/bagon/shared/imagenet512/val/n01744401/ILSVRC2012_val_00032500.JPEG,-1,2003.8584442138672,0.001678466796875,0.07427356087572407,0.6715289345186787,0.006719584544753083,24970,0.9711232297414508
196,/home/projects/bagon/shared/imagenet512/val/n02113799/ILSVRC2012_val_00047699.JPEG,-1,5961.41064453125,0.0052490234375,0.0817998050584346,0.9554011336632514,0.013483308941228676,24989,0.970637804332086
197,/home/projects/bagon/shared/imagenet512/val/n02009229/ILSVRC2012_val_00002003.JPEG,-1,1207.0974731445312,0.002166748046875,0.06603394853524709,0.6089109225504246,0.014679058657107748,25015,0.9858991123717245
198,/home/projects/bagon/shared/imagenet512/val/n02090379/ILSVRC2012_val_00028006.JPEG,-1,3814.769729614258,0.0034027099609375,0.08228475478831544,0.882141198549254,0.002801588773019185,25030,0.9745455135150437
199,/home/projects/bagon/shared/imagenet512/val/n07716906/ILSVRC2012_val_00042582.JPEG,9102,411.6590118408203,0.00099945068359375,0.046349993912062834,0.36125288835214886,0.005787727883995182,25155,0.9947622447436104
200,/home/projects/bagon/shared/imagenet512/val/n03787032/ILSVRC2012_val_00044851.JPEG,-1,104.8149185180664,0.00119781494140625,0.03778116782162957,0.11226911546008318,0.011955070462178233,25168,0.9953732506005216
201,/home/projects/bagon/shared/imagenet512/val/n02093754/ILSVRC2012_val_00025302.JPEG,-1,5156.029632568359,0.00165557861328125,0.07581229216581711,0.9550517447770588,0.003469911321648103,25169,0.9824244545342803
202,/home/projects/bagon/shared/imagenet512/val/n07875152/ILSVRC2012_val_00016498.JPEG,9468,2312.5478744506836,0.00091552734375,0.05625867568703239,0.9159351110015617,0.010210626946201801,25186,0.9885478944025382
203,/home/projects/bagon/shared/imagenet512/val/n02814533/ILSVRC2012_val_00006084.JPEG,-1,3942.618408203125,0.0047607421875,0.0861214785681403,0.8649907209372589,0.004617744924540632,25204,0.9832052278660139
204,/home/projects/bagon/shared/imagenet512/val/n02797295/ILSVRC2012_val_00016849.JPEG,-1,3172.118812561035,0.0013427734375,0.06631196124833955,0.9108894786123698,0.009147550107121167,25217,0.9873689691801922
205,/home/projects/bagon/shared/imagenet512/val/n02115913/ILSVRC2012_val_00040454.JPEG,-1,2668.1636810302734,0.002197265625,0.07092790352935116,0.8620129021541967,0.005108574492492645,25218,0.9711642607033799
206,/home/projects/bagon/shared/imagenet512/val/n02134084/ILSVRC2012_val_00029624.JPEG,-1,5632.266372680664,0.00162506103515625,0.06831579596817142,0.9732744366820526,0.005763651521181535,25220,0.9650777089713383
207,/home/projects/bagon/shared/imagenet512/val/n03598930/ILSVRC2012_val_00006625.JPEG,9562,2628.588706970215,0.00096893310546875,0.061687503578275356,0.8952063275519229,0.001484006599841733,25234,0.9889394163846353
208,/home/projects/bagon/shared/imagenet512/val/n03791053/ILSVRC2012_val_00038689.JPEG,-1,809.0157012939453,0.00140380859375,0.05998431444482733,0.42849298416598947,0.01058493409004369,25246,0.98304083410536
209,/home/projects/bagon/shared/imagenet512/val/n02177972/ILSVRC2012_val_00025212.JPEG,-1,5012.040954589844,0.0026397705078125,0.07822438462306498,0.9466663546997279,0.00953437126842028,25250,0.9752016467180699
210,/home/projects/bagon/shared/imagenet512/val/n03089624/ILSVRC2012_val_00026113.JPEG,-1,3714.7319946289062,0.0023040771484375,0.07690269970596372,0.9089888534367166,0.002569025598553364,25253,0.9739009689603872
211,/home/projects/bagon/shared/imagenet512/val/n01784675/ILSVRC2012_val_00047031.JPEG,-1,13628.919998168945,0.0030670166015625,0.08292417785581756,0.9935909137662672,0.013496988440400738,25283,0.9739698076864988
212,/home/projects/bagon/shared/imagenet512/val/n02128925/ILSVRC2012_val_00021585.JPEG,9147,535.4740219116211,0.00099945068359375,0.0533846590167185,0.39019835085872456,0.0034509022222239324,25302,0.9850280290068321
213,/home/projects/bagon/shared/imagenet512/val/n02895154/ILSVRC2012_val_00009114.JPEG,-1,1977.3161926269531,0.004730224609375,0.07414981530778912,0.7975749464871786,0.005588096654357088,25304,0.9834890583776604
214,/home/projects/bagon/shared/imagenet512/val/n03983396/ILSVRC2012_val_00001970.JPEG,-1,1368.7699432373047,0.0016937255859375,0.06248687525442345,0.7381051889217092,0.005283428773157487,25321,0.9938893905284135
215,/home/projects/bagon/shared/imagenet512/val/n03929660/ILSVRC2012_val_00035611.JPEG,8971,3066.0359420776367,0.00098419189453125,0.06184617780782274,0.9125651888459635,0.005104957182809736,25401,0.9923332532452304
216,/home/projects/bagon/shared/imagenet512/val/n02787622/ILSVRC2012_val_00006855.JPEG,-1,12802.961929321289,0.0027618408203125,0.08658139988754694,0.9922911281974003,0.008192017381786246,25402,0.9761625651737554
217,/home/projects/bagon/shared/imagenet512/val/n03249569/ILSVRC2012_val_00003719.JPEG,-1,3658.359794616699,0.002044677734375,0.07223362144910599,0.9231352015776888,0.005021216019028498,25409,0.9842877824605252
218,/home/projects/bagon/shared/imagenet512/val/n02091831/ILSVRC2012_val_00019498.JPEG,-1,2365.5178604125977,0.00162506103515625,0.0662784352609805,0.8608436729886826,0.012016504993973547,25415,0.9917578921818955
219,/home/projects/bagon/shared/imagenet512/val/n03476991/ILSVRC2012_val_00026637.JPEG,-1,2441.450164794922,0.00244140625,0.07664502930464032,0.7604545147913423,0.007741931459075474,25428,0.9817976661013256
220,/home/projects/bagon/shared/imagenet512/val/n01735189/ILSVRC2012_val_00041743.JPEG,-1,3228.9767150878906,0.0014801025390625,0.0671477622775574,0.8911867862708739,0.005010257160735495,25431,0.9871017337185514
221,/home/projects/bagon/shared/imagenet512/val/n02113023/ILSVRC2012_val_00031145.JPEG,-1,2579.581329345703,0.005859375,0.08561268271044495,0.7643470145276893,0.0077952722015192915,25468,0.9771078042510761
222,/home/projects/bagon/shared/imagenet512/val/n02099712/ILSVRC2012_val_00011807.JPEG,-1,5368.802520751953,0.0037994384765625,0.07796304505690257,0.9699649831354143,0.008490898176186996,25503,0.9793711352693859
223,/home/projects/bagon/shared/imagenet512/val/n02108089/ILSVRC2012_val_00020841.JPEG,-1,1731.038833618164,0.003143310546875,0.07450951990288568,0.6687721883132816,0.006879321589117433,25525,0.9917234361712225
224,/home/projects/bagon/shared/imagenet512/val/n04548280/ILSVRC2012_val_00018443.JPEG,-1,11836.643859863281,0.00640869140625,0.09129495127601397,0.9790407683392208,0.00795045343177191,25549,0.9751471264505078
225,/home/projects/bagon/shared/imagenet512/val/n04525305/ILSVRC2012_val_00019911.JPEG,-1,1378.3262329101562,0.0020599365234375,0.06973410442527714,0.610466735637804,0.003946115550186436,25562,0.9902138589290949
226,/home/projects/bagon/shared/imagenet512/val/n02108915/ILSVRC2012_val_00047762.JPEG,-1,7565.718811035156,0.0068359375,0.09066206848068287,0.9592873243631945,0.002842620519486078,25595,0.9678046937987891
227,/home/projects/bagon/shared/imagenet512/val/n03445924/ILSVRC2012_val_00002135.JPEG,-1,1400.0000762939453,0.00128173828125,0.058184484126737435,0.8028022128761992,0.008341681787102,25639,0.9930119130007152
228,/home/projects/bagon/shared/imagenet512/val/n02018207/ILSVRC2012_val_00021459.JPEG,-1,964.1216354370117,0.00152587890625,0.05874909548333659,0.5710277706285856,0.0052106141286018485,25649,0.9883709390202476
229,/home/projects/bagon/shared/imagenet512/val/n03141823/ILSVRC2012_val_00015567.JPEG,-1,5134.830322265625,0.0023040771484375,0.0819081296954975,0.9400562751712624,0.0025770071619532616,25650,0.9814691494165442
230,/home/projects/bagon/shared/imagenet512/val/n04458633/ILSVRC2012_val_00028047.JPEG,-1,18055.84410095215,0.003692626953125,0.08933062028382525,0.9950880294953552,0.007947058691047764,25660,0.9705937689055262
231,/home/projects/bagon/shared/imagenet512/val/n03920288/ILSVRC2012_val_00015865.JPEG,-1,4774.517974853516,0.002166748046875,0.07200550506478202,0.9580192797041637,0.012916677684294362,25664,0.9816520169810727
232,/home/projects/bagon/shared/imagenet512/val/n01819313/ILSVRC2012_val_00043975.JPEG,-1,7129.13948059082,0.00147247314453125,0.06785342588647156,0.9843664724876562,0.011419058681190475,25699,0.9885911810693596
233,/home/projects/bagon/shared/imagenet512/val/n02102177/ILSVRC2012_val_00021022.JPEG,-1,5074.961639404297,0.00518798828125,0.08860020017720746,0.907291751770089,0.008402841433294533,25709,0.9675704242556009
234,/home/projects/bagon/shared/imagenet512/val/n02106382/ILSVRC2012_val_00035815.JPEG,-1,378.48668670654297,0.001953125,0.053279495855636884,0.3318972191054861,0.012207150950144498,25719,0.9844119592347478
235,/home/projects/bagon/shared/imagenet512/val/n02981792/ILSVRC2012_val_00001063.JPEG,-1,367.29051208496094,0.0024261474609375,0.054857235109136336,0.2542323050491388,0.00502832976847109,25724,0.9797860834981288
236,/home/projects/bagon/shared/imagenet512/val/n03786901/ILSVRC2012_val_00021100.JPEG,-1,942.3086700439453,0.0013275146484375,0.057352553632287986,0.6093248633300524,0.004361693655606524,25725,0.9766170028182589
237,/home/projects/bagon/shared/imagenet512/val/n04266014/ILSVRC2012_val_00014262.JPEG,9518,842.1115112304688,0.0009918212890625,0.04904783551048959,0.6190378441263286,0.01720475258195383,25735,0.9586194241010982
238,/home/projects/bagon/shared/imagenet512/val/n01560419/ILSVRC2012_val_00042600.JPEG,-1,8784.83447265625,0.00347900390625,0.08695300105765398,0.9628652798184827,0.009105221250673663,25788,0.9751862244562847
239,/home/projects/bagon/shared/imagenet512/val/n04200800/ILSVRC2012_val_00019741.JPEG,-1,1150.9833755493164,0.001220703125,0.05214279749684403,0.7723236229796808,0.007469531770353745,25806,0.9843620012940811
240,/home/projects/bagon/shared/imagenet512/val/n02704792/ILSVRC2012_val_00014723.JPEG,-1,5080.977737426758,0.002716064453125,0.07691571186454146,0.9562366513701327,0.011293868990052993,25892,0.9634353707388043
241,/home/projects/bagon/shared/imagenet512/val/n07718472/ILSVRC2012_val_00037064.JPEG,-1,1815.563247680664,0.00193023681640625,0.06642724106054453,0.7519278283748153,0.004803071111837426,25895,0.9900908853397212
242,/home/projects/bagon/shared/imagenet512/val/n03110669/ILSVRC2012_val_00008380.JPEG,-1,1401.1940155029297,0.001983642578125,0.06414128881569264,0.6648642966425246,0.00664397530547188,25898,0.9896554083500283
243,/home/projects/bagon/shared/imagenet512/val/n01644373/ILSVRC2012_val_00025717.JPEG,-1,2081.800048828125,0.0022735595703125,0.06861805519546514,0.8412083029684587,0.008007777884097749,25902,0.9871930433019772
244,/home/projects/bagon/shared/imagenet512/val/n03884397/ILSVRC2012_val_00006391.JPEG,6658,323.15731048583984,0.0009918212890625,0.03863541055290829,0.451423253623807,0.0025772877798038996,25906,0.9946260297805123
245,/home/projects/bagon/shared/imagenet512/val/n04542943/ILSVRC2012_val_00044601.JPEG,-1,12215.027168273926,0.001983642578125,0.0824934026983013,0.9942259695586445,0.004152021044709003,25921,0.9852969236581139
246,/home/projects/bagon/shared/imagenet512/val/n02233338/ILSVRC2012_val_00019592.JPEG,-1,4372.881591796875,0.0022430419921875,0.07426201409022219,0.9419219975984419,0.004844494328213526,25922,0.9760669033598747
247,/home/projects/bagon/shared/imagenet512/val/n02454379/ILSVRC2012_val_00005298.JPEG,8050,1296.7124252319336,0.000946044921875,0.05220657999239099,0.7528183633105282,0.0047854633072421885,25963,0.9875363475864508
248,/home/projects/bagon/shared/imagenet512/val/n04254680/ILSVRC2012_val_00002349.JPEG,-1,1022.0053558349609,0.002655029296875,0.0708839341505247,0.48778884142693946,0.016591863588780162,25985,0.989990825679313
249,/home/projects/bagon/shared/imagenet512/val/n04273569/ILSVRC2012_val_00008080.JPEG,-1,3262.1931915283203,0.0020751953125,0.07682725437600116,0.8456527683952826,0.006968375585867518,25986,0.9858553716493603
250,/home/projects/bagon/shared/imagenet512/val/n04209239/ILSVRC2012_val_00022250.JPEG,8379,2877.352897644043,0.00099945068359375,0.05726086399343591,0.9312444990955908,0.02103689020438725,25995,0.9860258290372391
251,/home/projects/bagon/shared/imagenet512/val/n03188531/ILSVRC2012_val_00026240.JPEG,-1,1938.2852478027344,0.00173187255859375,0.06829420515888754,0.7399503207216468,0.005366048212157532,26008,0.9802445375627945
252,/home/projects/bagon/shared/imagenet512/val/n02106550/ILSVRC2012_val_00012856.JPEG,-1,593.3751602172852,0.0019683837890625,0.05778468574404045,0.40088168050336054,0.0143868883413614,26009,0.9866143009360848
253,/home/projects/bagon/shared/imagenet512/val/n04009552/ILSVRC2012_val_00003647.JPEG,-1,358.6654968261719,0.00116729736328125,0.0473009787830993,0.35856496588296605,0.008453755843794451,26089,0.9956632676929783
254,/home/projects/bagon/shared/imagenet512/val/n03075370/ILSVRC2012_val_00017150.JPEG,-1,1261.646858215332,0.00116729736328125,0.05671340547903042,0.7095043674438433,0.018822728521490154,26128,0.9904595877761154
255,/home/projects/bagon/shared/imagenet512/val/n04141076/ILSVRC2012_val_00004761.JPEG,-1,6506.263488769531,0.002105712890625,0.0757432437412953,0.9782794823622234,0.01079704271635597,26133,0.9877069713026223
256,/home/projects/bagon/shared/imagenet512/val/n02107312/ILSVRC2012_val_00019364.JPEG,-1,4479.69384765625,0.0025177001953125,0.0816875139659043,0.9092990463283255,0.006175078922437558,26139,0.98668123746185
257,/home/projects/bagon/shared/imagenet512/val/n02877765/ILSVRC2012_val_00036686.JPEG,-1,9044.017478942871,0.001312255859375,0.07671755216809399,0.9879847059135023,0.005150867323982413,26141,0.9874123969528437
258,/home/projects/bagon/shared/imagenet512/val/n07715103/ILSVRC2012_val_00035149.JPEG,7503,1936.0515441894531,0.0009918212890625,0.054262413002357596,0.8247864424716028,0.0019526581960771288,26154,0.9843546551454029
259,/home/projects/bagon/shared/imagenet512/val/n04509417/ILSVRC2012_val_00038319.JPEG,-1,5816.2698974609375,0.0025482177734375,0.07673485220996355,0.9677179192469124,0.006680191006098863,26160,0.986502031255693
260,/home/projects/bagon/shared/imagenet512/val/n07697537/ILSVRC2012_val_00048937.JPEG,9521,917.3303756713867,0.00096893310546875,0.05277767643981738,0.6230900362288028,0.002283844410381706,26188,0.9817602754691024
261,/home/projects/bagon/shared/imagenet512/val/n02105641/ILSVRC2012_val_00013007.JPEG,-1,1870.2087173461914,0.001617431640625,0.06659947732585661,0.7782525948464866,0.007741514452061121,26197,0.9919802557768036
262,/home/projects/bagon/shared/imagenet512/val/n04235860/ILSVRC2012_val_00027331.JPEG,9395,2842.2557640075684,0.000972747802734375,0.059583322026729627,0.9068565202766651,0.0061011588659644605,26206,0.9878548796083483
263,/home/projects/bagon/shared/imagenet512/val/n02098286/ILSVRC2012_val_00006848.JPEG,-1,3224.609420776367,0.00341796875,0.0813018125522817,0.826358868436762,0.016930817107819254,26232,0.9831086381825496
264,/home/projects/bagon/shared/imagenet512/val/n04398044/ILSVRC2012_val_00016042.JPEG,-1,3970.660446166992,0.003143310546875,0.07776896167082487,0.9284342293566582,0.005800282398198487,26338,0.9881680004932991
265,/home/projects/bagon/shared/imagenet512/val/n12768682/ILSVRC2012_val_00047834.JPEG,-1,14353.44499206543,0.0022125244140625,0.08440006078651828,0.9951781421555561,0.009308253687666497,26341,0.9584923996455936
266,/home/projects/bagon/shared/imagenet512/val/n01675722/ILSVRC2012_val_00021055.JPEG,-1,2589.466827392578,0.00115203857421875,0.0575246837913169,0.9226605898622462,0.0029664975226144814,26343,0.980471683831683
267,/home/projects/bagon/shared/imagenet512/val/n03544143/ILSVRC2012_val_00011019.JPEG,-1,247.73628997802734,0.00121307373046875,0.047764181874643354,0.21902518994001438,0.008800683243849932,26346,0.9948709109761898
268,/home/projects/bagon/shared/imagenet512/val/n03920288/ILSVRC2012_val_00024971.JPEG,8630,321.88973236083984,0.00098419189453125,0.044308630692067065,0.3574627145629558,0.005395469931848832,26347,0.988907674846869
269,/home/projects/bagon/shared/imagenet512/val/n01843383/ILSVRC2012_val_00025371.JPEG,-1,4398.419746398926,0.00189208984375,0.07284578488936931,0.9502161617285759,0.01263643199825579,26374,0.9767207774823324
270,/home/projects/bagon/shared/imagenet512/val/n03697007/ILSVRC2012_val_00003724.JPEG,8497,1509.3645324707031,0.00096893310546875,0.052179705069803274,0.8244137373056837,0.0034296873948397536,26387,0.9881076424906329
271,/home/projects/bagon/shared/imagenet512/val/n02095314/ILSVRC2012_val_00031713.JPEG,-1,2856.939712524414,0.0024566650390625,0.0794836377649992,0.8087893080185018,0.0065029725314383075,26399,0.9795172321293538
272,/home/projects/bagon/shared/imagenet512/val/n02090721/ILSVRC2012_val_00040053.JPEG,-1,1919.8633651733398,0.0014495849609375,0.05971103884602451,0.8187796855196616,0.01436471805673184,26409,0.9829388143056172
273,/home/projects/bagon/shared/imagenet512/val/n03837869/ILSVRC2012_val_00030264.JPEG,-1,2019.1918258666992,0.001983642578125,0.06987751252219707,0.8000390853205879,0.008292993827817226,26411,0.9936931131099768
274,/home/projects/bagon/shared/imagenet512/val/n01698640/ILSVRC2012_val_00027872.JPEG,-1,956.4927062988281,0.00213623046875,0.06567422005322196,0.5384180078048519,0.005856876820764766,26422,0.9890760121846742
275,/home/projects/bagon/shared/imagenet512/val/n02497673/ILSVRC2012_val_00046035.JPEG,-1,4009.9124908447266,0.002105712890625,0.07165765384545225,0.9303231295102626,0.014566956119384161,26438,0.9853649550526429
276,/home/projects/bagon/shared/imagenet512/val/n09428293/ILSVRC2012_val_00002896.JPEG,-1,4113.770446777344,0.00909423828125,0.09112097106343821,0.8498280896206258,0.01116149876224889,26446,0.9843471892997252
277,/home/projects/bagon/shared/imagenet512/val/n02108422/ILSVRC2012_val_00023294.JPEG,-1,5866.48681640625,0.0057373046875,0.08940610828232864,0.9471575552998533,0.023238099472209922,26463,0.9858966450773999
278,/home/projects/bagon/shared/imagenet512/val/n03977966/ILSVRC2012_val_00016091.JPEG,-1,1836.3247375488281,0.002899169921875,0.07355959177931097,0.6795110168441466,0.010123617371650741,26580,0.9631714706571809
279,/home/projects/bagon/shared/imagenet512/val/n02105641/ILSVRC2012_val_00028464.JPEG,-1,9006.120330810547,0.00421142578125,0.08193734365074884,0.9908020078800089,0.011565513585846617,26582,0.9546982903424422
280,/home/projects/bagon/shared/imagenet512/val/n02804610/ILSVRC2012_val_00005838.JPEG,-1,7725.353591918945,0.0019989013671875,0.07484070161363951,0.9876558144923155,0.017816698286302564,26583,0.9803365317013947
281,/home/projects/bagon/shared/imagenet512/val/n02114548/ILSVRC2012_val_00002565.JPEG,-1,3226.007034301758,0.004241943359375,0.07272557369795697,0.8766071163584834,0.00880412104238183,26625,0.9640559020535356
282,/home/projects/bagon/shared/imagenet512/val/n02808440/ILSVRC2012_val_00003072.JPEG,-1,3399.344970703125,0.0130615234375,0.08667865539816577,0.8264569308598569,0.011018866512471422,26630,0.9897106208293442
283,/home/projects/bagon/shared/imagenet512/val/n01990800/ILSVRC2012_val_00034806.JPEG,-1,5189.819053649902,0.00159454345703125,0.06320195707911815,0.9807336850808683,0.008812829168114149,26635,0.9769705785613884
284,/home/projects/bagon/shared/imagenet512/val/n02037110/ILSVRC2012_val_00031863.JPEG,-1,4572.005462646484,0.0033721923828125,0.08417317813224157,0.8995898386615552,0.007003610044000798,26638,0.9762549501954308
285,/home/projects/bagon/shared/imagenet512/val/n02231487/ILSVRC2012_val_00002014.JPEG,-1,3582.542495727539,0.0017852783203125,0.07334197817021816,0.8980206261127972,0.009750148998950008,26646,0.9794727518350023
286,/home/projects/bagon/shared/imagenet512/val/n02099429/ILSVRC2012_val_00023634.JPEG,-1,3387.6603240966797,0.0031585693359375,0.07641084120771245,0.8997879765593777,0.02024735673243924,26705,0.9664263438017626
287,/home/projects/bagon/shared/imagenet512/val/n02110627/ILSVRC2012_val_00041953.JPEG,-1,11785.523223876953,0.004852294921875,0.08594652247623288,0.9919453351165676,0.01044251895324225,26750,0.9684122479318132
288,/home/projects/bagon/shared/imagenet512/val/n01739381/ILSVRC2012_val_00015794.JPEG,-1,2682.004409790039,0.0033416748046875,0.07808300087977228,0.7930954069284815,0.006418414558437093,26765,0.9570512784325771
289,/home/projects/bagon/shared/imagenet512/val/n03347037/ILSVRC2012_val_00030600.JPEG,7148,120.98403930664062,0.00098419189453125,0.033030849788368406,0.23295345210474952,0.00811343706821374,26767,0.9909011442476258
290,/home/projects/bagon/shared/imagenet512/val/n03208938/ILSVRC2012_val_00039208.JPEG,8654,541.6587600708008,0.00098419189453125,0.044437919730770034,0.5171306020378813,0.009253538094220904,26771,0.9927618258193741
291,/home/projects/bagon/shared/imagenet512/val/n02396427/ILSVRC2012_val_00045758.JPEG,-1,6988.3240966796875,0.007171630859375,0.08638713184265026,0.9670877487330831,0.015460533521970216,26801,0.983498940228337
292,/home/projects/bagon/shared/imagenet512/val/n01667114/ILSVRC2012_val_00013299.JPEG,-1,2267.548828125,0.00408935546875,0.0787751528785464,0.7753768199141629,0.015230117763841516,26874,0.9875271231252977
293,/home/projects/bagon/shared/imagenet512/val/n04357314/ILSVRC2012_val_00049539.JPEG,-1,6599.209808349609,0.002685546875,0.07283626751788459,0.9819760394298612,0.006229135704586878,26957,0.9889897986255763
294,/home/projects/bagon/shared/imagenet512/val/n01531178/ILSVRC2012_val_00010409.JPEG,-1,382.0506591796875,0.00152587890625,0.0487475121791638,0.430927323576097,0.014733937064620726,26962,0.9890418187723359
295,/home/projects/bagon/shared/imagenet512/val/n04579432/ILSVRC2012_val_00037298.JPEG,-1,5803.9412841796875,0.0028839111328125,0.07996115610259735,0.9482388774439576,0.018559455673356914,26975,0.9731301042464927
296,/home/projects/bagon/shared/imagenet512/val/n02672831/ILSVRC2012_val_00047423.JPEG,-1,1420.6701278686523,0.00177764892578125,0.06364773720570482,0.6913887682405113,0.007226866151706217,26977,0.9890431779225529
