example_index,path,total_steps_to_epsilon,total_loss_sum,final_loss,weight_distance,softmax_wasserstein,grad_mass_wasserstein,universal_difficulty_rank,global_linear_cka,init_highest_softmax_prob,init_target_softmax_prob,steps_to_correct
11715,/home/projects/bagon/shared/imagenet512/val/n04336792/ILSVRC2012_val_00027884.JPEG,1270,1652.2724533081055,0.00096893310546875,0.095317569230889,0.9964632063845866,0.0,46731,0.997585,0.23099537193775177,0.0024957016576081514,357
11716,/home/projects/bagon/shared/imagenet512/val/n04435653/ILSVRC2012_val_00027447.JPEG,859,1056.1148834228516,0.00098419189453125,0.0691204738588989,0.9950734321000203,0.0,46732,0.997564,0.09091433882713318,0.003868318162858486,219
11717,/home/projects/bagon/shared/imagenet512/val/n02486261/ILSVRC2012_val_00011101.JPEG,1055,603.2252578735352,0.00096893310546875,0.07450483037306298,0.9689123444325689,0.0,46733,0.998434,0.9153420925140381,0.030033526942133904,243
11718,/home/projects/bagon/shared/imagenet512/val/n03710637/ILSVRC2012_val_00014830.JPEG,1695,288.5744400024414,0.00096893310546875,0.09915911979280581,0.7452403180656619,0.0,46734,0.998294,0.3794004023075104,0.2537044584751129,61
11719,/home/projects/bagon/shared/imagenet512/val/n02321529/ILSVRC2012_val_00043443.JPEG,1100,992.2196464538574,0.000972747802734375,0.08047011220419148,0.9903505850542377,0.0,46735,0.994580,0.5012503266334534,0.008563140407204628,279
11720,/home/projects/bagon/shared/imagenet512/val/n04263257/ILSVRC2012_val_00040481.JPEG,1270,840.6951370239258,0.0009613037109375,0.09150218009697066,0.9734251439817116,0.0,46736,0.997306,0.12983481585979462,0.025502653792500496,193
11721,/home/projects/bagon/shared/imagenet512/val/n02992211/ILSVRC2012_val_00003715.JPEG,1100,241.19325256347656,0.000946044921875,0.06470827369644373,0.8839293708064431,0.0,46737,0.998484,0.20919321477413177,0.11502132564783096,35
11722,/home/projects/bagon/shared/imagenet512/val/n03452741/ILSVRC2012_val_00028144.JPEG,1003,270.7478485107422,0.0009613037109375,0.0669297913352468,0.8941233582006478,0.0,46738,0.998644,0.18607045710086823,0.10480356961488724,38
11723,/home/projects/bagon/shared/imagenet512/val/n01873310/ILSVRC2012_val_00035112.JPEG,712,359.25171661376953,0.00090789794921875,0.05279130971038095,0.9663232471407577,0.0,46739,0.999212,0.9191936254501343,0.03270028904080391,158
11724,/home/projects/bagon/shared/imagenet512/val/n03314780/ILSVRC2012_val_00033127.JPEG,1391,2230.830051422119,0.000972747802734375,0.09842995029686243,0.9983291601295631,0.0,46740,0.996490,0.13608448207378387,0.000608040310908109,412
11725,/home/projects/bagon/shared/imagenet512/val/n03796401/ILSVRC2012_val_00030948.JPEG,1026,779.4658889770508,0.00099945068359375,0.0777698655844894,0.97900149781153,0.0,46741,0.996405,0.2588231563568115,0.01994321122765541,220
11726,/home/projects/bagon/shared/imagenet512/val/n02124075/ILSVRC2012_val_00046770.JPEG,1823,3362.4664306640625,0.0009613037109375,0.11944808909535153,0.9992961929258947,0.0,46742,0.996924,0.30071505904197693,6.535316788358614e-05,561
11727,/home/projects/bagon/shared/imagenet512/val/n02971356/ILSVRC2012_val_00039126.JPEG,1105,1171.590908050537,0.000942230224609375,0.0860715160971588,0.9922682622383383,0.0,46743,0.998415,0.19550903141498566,0.006730503402650356,265
11728,/home/projects/bagon/shared/imagenet512/val/n04442312/ILSVRC2012_val_00040118.JPEG,1185,1007.6475639343262,0.000942230224609375,0.08399464904770976,0.9916766090076223,0.0,46744,0.997577,0.1228211373090744,0.0073277875781059265,179
11729,/home/projects/bagon/shared/imagenet512/val/n02837789/ILSVRC2012_val_00026140.JPEG,1356,538.9183578491211,0.0009765625,0.08947135892746837,0.9349443702968202,0.0,46745,0.998085,0.3797924518585205,0.06403994560241699,146
11730,/home/projects/bagon/shared/imagenet512/val/n02640242/ILSVRC2012_val_00000050.JPEG,1262,1919.405429840088,0.000934600830078125,0.09240056111577544,0.9985586685893115,0.0,46746,0.995933,0.4060455560684204,0.0004301204753573984,424
11731,/home/projects/bagon/shared/imagenet512/val/n03141823/ILSVRC2012_val_00004718.JPEG,1184,574.7656745910645,0.000957489013671875,0.0813519967791833,0.9551193772917101,0.0,46747,0.998448,0.2652784287929535,0.043847523629665375,130
11732,/home/projects/bagon/shared/imagenet512/val/n02326432/ILSVRC2012_val_00018196.JPEG,946,236.63077926635742,0.000919342041015625,0.06327842575986072,0.8464105718556043,0.0,46748,0.999216,0.8473628163337708,0.15261472761631012,138
11733,/home/projects/bagon/shared/imagenet512/val/n03534580/ILSVRC2012_val_00009741.JPEG,1517,602.6804809570312,0.0009918212890625,0.08874362623281992,0.9650689011511971,0.0,46749,0.998176,0.07057176530361176,0.03387924283742905,58
11734,/home/projects/bagon/shared/imagenet512/val/n03485407/ILSVRC2012_val_00030007.JPEG,964,606.5859985351562,0.0009613037109375,0.06753386317012335,0.9848279896378441,0.0,46750,0.999386,0.8560625314712524,0.014160355553030968,193
11735,/home/projects/bagon/shared/imagenet512/val/n01943899/ILSVRC2012_val_00012672.JPEG,938,891.226692199707,0.00095367431640625,0.0693076834142193,0.9935515948645783,0.0,46751,0.996775,0.9825230836868286,0.005425360519438982,295
11736,/home/projects/bagon/shared/imagenet512/val/n02085936/ILSVRC2012_val_00041918.JPEG,950,496.3868713378906,0.0009918212890625,0.06419915667911051,0.9800350948918606,0.0,46752,0.998241,0.3855101466178894,0.018896086141467094,134
11737,/home/projects/bagon/shared/imagenet512/val/n07920052/ILSVRC2012_val_00015099.JPEG,1070,397.4702835083008,0.00090789794921875,0.06869663998662863,0.943240575156732,0.0,46753,0.998925,0.2886301577091217,0.05575142428278923,88
11738,/home/projects/bagon/shared/imagenet512/val/n03642806/ILSVRC2012_val_00030849.JPEG,2018,1592.8802375793457,0.000926971435546875,0.12318823553464388,0.9934473867026739,0.0,46754,0.996341,0.5125560760498047,0.005519319325685501,332
11739,/home/projects/bagon/shared/imagenet512/val/n02910353/ILSVRC2012_val_00044887.JPEG,992,542.7680206298828,0.00096893310546875,0.0711432283451379,0.9638079434672651,0.0,46755,0.998035,0.11986931413412094,0.035163022577762604,92
11740,/home/projects/bagon/shared/imagenet512/val/n03710721/ILSVRC2012_val_00019178.JPEG,1198,180.3789291381836,0.00095367431640625,0.07560574613198845,0.6899680451162219,0.0,46756,0.999081,0.6497875452041626,0.30896374583244324,84
11741,/home/projects/bagon/shared/imagenet512/val/n03642806/ILSVRC2012_val_00031511.JPEG,1568,727.5841903686523,0.00098419189453125,0.10096033059778182,0.9475404437062406,0.0,46757,0.997950,0.10739682614803314,0.051418889313936234,185
11742,/home/projects/bagon/shared/imagenet512/val/n02979186/ILSVRC2012_val_00014287.JPEG,1102,207.26197052001953,0.00099945068359375,0.07481907657654546,0.7373353645679184,0.0,46758,0.999699,0.5513703227043152,0.26153209805488586,81
11743,/home/projects/bagon/shared/imagenet512/val/n03394916/ILSVRC2012_val_00041242.JPEG,1107,1504.1484489440918,0.000888824462890625,0.08616458426399444,0.9969078829332698,0.0,46759,0.996416,0.5946847200393677,0.0021275922190397978,384
11744,/home/projects/bagon/shared/imagenet512/val/n02106030/ILSVRC2012_val_00027164.JPEG,1293,144.4722137451172,0.0009002685546875,0.07787759234904992,0.5836714237674753,0.0,46760,0.996647,0.49295574426651,0.4153744876384735,23
11745,/home/projects/bagon/shared/imagenet512/val/n02412080/ILSVRC2012_val_00008559.JPEG,1144,143.06918334960938,0.00093841552734375,0.07020888866282766,0.6610526102876811,0.0,46762,0.999514,0.6386125087738037,0.33787575364112854,65
11746,/home/projects/bagon/shared/imagenet512/val/n07880968/ILSVRC2012_val_00000606.JPEG,869,566.2502059936523,0.00095367431640625,0.06496633322820874,0.9784591310632857,0.0,46764,0.998055,0.8187317252159119,0.020540889352560043,204
11747,/home/projects/bagon/shared/imagenet512/val/n04265275/ILSVRC2012_val_00004635.JPEG,1523,3100.4674530029297,0.00095367431640625,0.11028957171879972,0.9988250115275704,0.0,46766,0.998676,0.29235926270484924,0.00015453359810635448,568
11748,/home/projects/bagon/shared/imagenet512/val/n04443257/ILSVRC2012_val_00004633.JPEG,1352,757.8146018981934,0.000957489013671875,0.09123102921400722,0.9739639790032055,0.0,46767,0.994082,0.15629693865776062,0.02501007355749607,166
11749,/home/projects/bagon/shared/imagenet512/val/n07749582/ILSVRC2012_val_00027944.JPEG,1348,1276.403133392334,0.000957489013671875,0.09306874316907979,0.9955568867044469,0.0,46768,0.998618,0.3663325607776642,0.0034411626402288675,367
11750,/home/projects/bagon/shared/imagenet512/val/n02484975/ILSVRC2012_val_00037489.JPEG,1199,921.9765930175781,0.00098419189453125,0.08609341542455458,0.9867798571462681,0.0,46769,0.998856,0.18089593946933746,0.012163626961410046,241
11751,/home/projects/bagon/shared/imagenet512/val/n02514041/ILSVRC2012_val_00004161.JPEG,1146,1736.5814056396484,0.0009613037109375,0.08140774114011884,0.9980219164281031,0.0,46770,0.998819,0.5662086606025696,0.001066149678081274,403
11752,/home/projects/bagon/shared/imagenet512/val/n03950228/ILSVRC2012_val_00004522.JPEG,1550,697.2182464599609,0.0009765625,0.09515692624795004,0.9706265655748808,0.0,46771,0.998281,0.4177929759025574,0.02831333503127098,216
11753,/home/projects/bagon/shared/imagenet512/val/n02113624/ILSVRC2012_val_00016805.JPEG,990,315.555419921875,0.0009002685546875,0.06225739486136919,0.9524805657166968,0.0,46773,0.999225,0.7956168055534363,0.04656265676021576,106
11754,/home/projects/bagon/shared/imagenet512/val/n02114712/ILSVRC2012_val_00009578.JPEG,1225,205.02768325805664,0.000949859619140625,0.07592318520074491,0.7611438464631197,0.0,46774,0.999465,0.6394273638725281,0.23774641752243042,84
11755,/home/projects/bagon/shared/imagenet512/val/n13054560/ILSVRC2012_val_00036596.JPEG,810,90.4020767211914,0.0009918212890625,0.05476869976515396,0.5700743094765948,0.0,46776,0.997687,0.428794801235199,0.428794801235199,0
11756,/home/projects/bagon/shared/imagenet512/val/n04380533/ILSVRC2012_val_00040162.JPEG,1052,134.97639846801758,0.000804901123046875,0.06485639205160015,0.6730363588608592,0.0,46777,0.999679,0.6740249991416931,0.3259744942188263,67
11757,/home/projects/bagon/shared/imagenet512/val/n02701002/ILSVRC2012_val_00049302.JPEG,1627,2065.760284423828,0.000946044921875,0.10438733307718108,0.9984345568948946,0.0,46779,0.993687,0.9123750329017639,0.0005429191514849663,435
11758,/home/projects/bagon/shared/imagenet512/val/n07717556/ILSVRC2012_val_00037725.JPEG,1235,1236.1310577392578,0.0009918212890625,0.08622356901263867,0.9957102155942792,0.0,46780,0.997519,0.2885685861110687,0.0032246876507997513,303
11759,/home/projects/bagon/shared/imagenet512/val/n02219486/ILSVRC2012_val_00044990.JPEG,1447,2131.4191818237305,0.00095367431640625,0.10026502433332259,0.9985890901394378,0.0,46781,0.996864,0.4940756559371948,0.00040135683957487345,418
11760,/home/projects/bagon/shared/imagenet512/val/n02009229/ILSVRC2012_val_00049444.JPEG,903,496.8042869567871,0.000957489013671875,0.06274973849043605,0.9800329093025957,0.0,46782,0.997652,0.804635763168335,0.018930260092020035,172
11761,/home/projects/bagon/shared/imagenet512/val/n04286575/ILSVRC2012_val_00007039.JPEG,1203,807.510440826416,0.000965118408203125,0.07957738393880281,0.9881427969618694,0.0,46783,0.996951,0.48687833547592163,0.010852484032511711,213
11762,/home/projects/bagon/shared/imagenet512/val/n04355338/ILSVRC2012_val_00005399.JPEG,895,402.20333099365234,0.000946044921875,0.06616726405996703,0.9320107680317895,0.0,46784,0.997434,0.16953839361667633,0.06696031242609024,103
11763,/home/projects/bagon/shared/imagenet512/val/n03595614/ILSVRC2012_val_00016727.JPEG,952,400.83831787109375,0.000946044921875,0.0663400270887749,0.9415051859896273,0.0,46785,0.998788,0.30989977717399597,0.05744921416044235,124
11764,/home/projects/bagon/shared/imagenet512/val/n03843555/ILSVRC2012_val_00046120.JPEG,1312,1957.7323989868164,0.00096893310546875,0.09461398734937841,0.9985697022166663,0.0,46786,0.995981,0.18147005140781403,0.00039600388845428824,366
11765,/home/projects/bagon/shared/imagenet512/val/n04208210/ILSVRC2012_val_00014894.JPEG,1331,2272.7681427001953,0.00092315673828125,0.09571430362054749,0.9986928898167072,0.0,46787,0.997954,0.565129280090332,0.0003380779817234725,401
11766,/home/projects/bagon/shared/imagenet512/val/n03126707/ILSVRC2012_val_00027091.JPEG,864,140.97534561157227,0.000942230224609375,0.057696526560394985,0.7299194478782696,0.0,46788,0.998329,0.3305718004703522,0.2691122889518738,14
11767,/home/projects/bagon/shared/imagenet512/val/n02871525/ILSVRC2012_val_00024980.JPEG,1266,438.7418975830078,0.0009765625,0.08256900132002923,0.9220420830720245,0.0,46789,0.997164,0.5169470906257629,0.0769200325012207,132
11768,/home/projects/bagon/shared/imagenet512/val/n03710637/ILSVRC2012_val_00016626.JPEG,1377,152.52410125732422,0.0009307861328125,0.07922764372055506,0.6329126353904504,0.0,46790,0.999127,0.6256195306777954,0.3659919798374176,63
11769,/home/projects/bagon/shared/imagenet512/val/n03930630/ILSVRC2012_val_00026079.JPEG,1138,786.1767196655273,0.0009918212890625,0.07636986582044651,0.9900079741236573,0.0,46791,0.995705,0.9705761075019836,0.008903034031391144,283
11770,/home/projects/bagon/shared/imagenet512/val/n01644900/ILSVRC2012_val_00018879.JPEG,1457,1795.9574699401855,0.000942230224609375,0.10091285965612436,0.9984496411156003,0.0,46792,0.994398,0.251998633146286,0.0005243891500867903,489
11771,/home/projects/bagon/shared/imagenet512/val/n02097658/ILSVRC2012_val_00042451.JPEG,1602,1688.879768371582,0.00098419189453125,0.10373977541988173,0.9977454328727229,0.0,46793,0.997268,0.33579587936401367,0.0011843031970784068,338
11772,/home/projects/bagon/shared/imagenet512/val/n02669723/ILSVRC2012_val_00009522.JPEG,1465,223.59298706054688,0.00091552734375,0.08431543309022854,0.738869718822246,0.0,46794,0.999372,0.7391582727432251,0.26015329360961914,120
11773,/home/projects/bagon/shared/imagenet512/val/n03658185/ILSVRC2012_val_00010432.JPEG,1157,532.9541206359863,0.000957489013671875,0.0768487926319434,0.9661312199372099,0.0,46795,0.997578,0.34188613295555115,0.03275841847062111,180
11774,/home/projects/bagon/shared/imagenet512/val/n02012849/ILSVRC2012_val_00048195.JPEG,1378,650.5646057128906,0.0009918212890625,0.09175889458414321,0.937121120983048,0.0,46796,0.997070,0.7963036298751831,0.06181533634662628,299
11775,/home/projects/bagon/shared/imagenet512/val/n01773549/ILSVRC2012_val_00039025.JPEG,1312,385.67540740966797,0.00095367431640625,0.08574520644368103,0.8867685163777055,0.0,46797,0.998782,0.6170587539672852,0.1122242733836174,155
11776,/home/projects/bagon/shared/imagenet512/val/n01728572/ILSVRC2012_val_00035265.JPEG,1289,205.14796447753906,0.00099945068359375,0.07317239466824949,0.805688646833011,0.0,46799,0.998404,0.19323916733264923,0.19323916733264923,0
11777,/home/projects/bagon/shared/imagenet512/val/n03887697/ILSVRC2012_val_00022680.JPEG,860,525.2117347717285,0.000911712646484375,0.06629374027613638,0.9694998069457136,0.0,46800,0.999272,0.9705418944358826,0.02944920025765896,237
11778,/home/projects/bagon/shared/imagenet512/val/n04591713/ILSVRC2012_val_00016679.JPEG,1024,115.35940933227539,0.000904083251953125,0.06279802512282821,0.6031382528969272,0.0,46801,0.999388,0.5459293127059937,0.3958934545516968,30
11779,/home/projects/bagon/shared/imagenet512/val/n07920052/ILSVRC2012_val_00020352.JPEG,1068,162.05828094482422,0.0009918212890625,0.06632332392798806,0.7391188968359975,0.0,46802,0.999616,0.37307900190353394,0.2598145306110382,26
11780,/home/projects/bagon/shared/imagenet512/val/n10565667/ILSVRC2012_val_00027740.JPEG,767,72.98921203613281,0.00093841552734375,0.04962106912171788,0.5626609681492505,0.0,46803,0.999055,0.4363366961479187,0.4363366961479187,0
11781,/home/projects/bagon/shared/imagenet512/val/n01990800/ILSVRC2012_val_00041213.JPEG,1247,3069.608268737793,0.0009307861328125,0.09442519828553311,0.9991951590032953,0.0,46804,0.996298,0.17412859201431274,4.760012961924076e-05,524
11782,/home/projects/bagon/shared/imagenet512/val/n03691459/ILSVRC2012_val_00002359.JPEG,1637,2638.5458908081055,0.00096893310546875,0.11428933479881707,0.9985753653517097,0.0,46805,0.990952,0.1099219024181366,0.00037748392787761986,442
11783,/home/projects/bagon/shared/imagenet512/val/n02786058/ILSVRC2012_val_00037985.JPEG,2854,9969.426277160645,0.00093841552734375,0.18902988348509148,0.9992963908038774,0.0,46806,0.996453,0.29992154240608215,1.3204143556322379e-07,1346
11784,/home/projects/bagon/shared/imagenet512/val/n03933933/ILSVRC2012_val_00041992.JPEG,1566,693.1187210083008,0.00092315673828125,0.09720236696829528,0.9641435266362819,0.0,46807,0.999145,0.9643098711967468,0.03484851494431496,328
11785,/home/projects/bagon/shared/imagenet512/val/n09256479/ILSVRC2012_val_00025622.JPEG,1773,1984.9623641967773,0.00099945068359375,0.10706880742732972,0.9987773471009729,0.0,46808,0.997519,0.535352349281311,0.0003591730201151222,446
11786,/home/projects/bagon/shared/imagenet512/val/n03297495/ILSVRC2012_val_00023386.JPEG,1009,751.7157936096191,0.000949859619140625,0.06885373906715465,0.990498763656647,0.0,46809,0.997072,0.06840939819812775,0.008501069620251656,106
11787,/home/projects/bagon/shared/imagenet512/val/n01687978/ILSVRC2012_val_00003821.JPEG,1101,576.5844650268555,0.0009918212890625,0.07379280456649125,0.9730551875473608,0.0,46810,0.996211,0.5651677250862122,0.025930190458893776,193
11788,/home/projects/bagon/shared/imagenet512/val/n02124075/ILSVRC2012_val_00023786.JPEG,1036,180.34043884277344,0.0009918212890625,0.06582930994381282,0.7487123815171522,0.0,46811,0.999244,0.6198791265487671,0.2502169907093048,81
11789,/home/projects/bagon/shared/imagenet512/val/n04612504/ILSVRC2012_val_00031426.JPEG,1027,1349.9722137451172,0.00096893310546875,0.07880243594580624,0.9973889748182133,0.0,46812,0.998947,0.65802401304245,0.001579240895807743,351
11790,/home/projects/bagon/shared/imagenet512/val/n03759954/ILSVRC2012_val_00007409.JPEG,1048,407.0650405883789,0.00099945068359375,0.0731757375421625,0.925402786882645,0.0,46813,0.998766,0.10021701455116272,0.0735175758600235,23
11791,/home/projects/bagon/shared/imagenet512/val/n07753592/ILSVRC2012_val_00021098.JPEG,427,48.24269485473633,0.000972747802734375,0.03217110173535417,0.5783934050718775,0.0,46814,0.999755,0.4770234525203705,0.4206121563911438,6
11792,/home/projects/bagon/shared/imagenet512/val/n07930864/ILSVRC2012_val_00005022.JPEG,1112,551.6586151123047,0.00099945068359375,0.07835994335661202,0.9563585470173128,0.0,46815,0.999178,0.3889487087726593,0.042632296681404114,172
11793,/home/projects/bagon/shared/imagenet512/val/n03710637/ILSVRC2012_val_00033398.JPEG,1754,203.69342803955078,0.00099945068359375,0.09980968215766582,0.6073124724358054,0.0,46816,0.999311,0.42311421036720276,0.3915962874889374,15
11794,/home/projects/bagon/shared/imagenet512/val/n03710637/ILSVRC2012_val_00024573.JPEG,1328,463.2490425109863,0.000896453857421875,0.08350708127023394,0.9362488236533477,0.0,46819,0.997690,0.565841019153595,0.06276176869869232,125
11795,/home/projects/bagon/shared/imagenet512/val/n04443257/ILSVRC2012_val_00045194.JPEG,1655,1406.3222007751465,0.000965118408203125,0.10053536336281643,0.9958746416565731,0.0,46820,0.996394,0.08738639950752258,0.003097555600106716,242
11796,/home/projects/bagon/shared/imagenet512/val/n04229816/ILSVRC2012_val_00013426.JPEG,970,306.20460510253906,0.00098419189453125,0.06603991230240662,0.8934016129023533,0.0,46821,0.998410,0.2632158398628235,0.10555431246757507,76
11797,/home/projects/bagon/shared/imagenet512/val/n02692877/ILSVRC2012_val_00045146.JPEG,697,179.63869857788086,0.000904083251953125,0.04841748312444845,0.8495818296789951,0.0,46822,0.998742,0.1494522988796234,0.1494522988796234,0
11798,/home/projects/bagon/shared/imagenet512/val/n03492542/ILSVRC2012_val_00040967.JPEG,1587,767.7750015258789,0.00096893310546875,0.10197879255024807,0.9599462494525015,0.0,46823,0.998583,0.32540252804756165,0.03902948275208473,235
11799,/home/projects/bagon/shared/imagenet512/val/n04356056/ILSVRC2012_val_00039734.JPEG,1674,982.3926277160645,0.000957489013671875,0.09779989557587838,0.9891037493226165,0.0,46824,0.993735,0.9485470056533813,0.00987654272466898,334
11800,/home/projects/bagon/shared/imagenet512/val/n03983396/ILSVRC2012_val_00028328.JPEG,987,698.0487442016602,0.0009918212890625,0.07387828259790777,0.9794796339072822,0.0,46825,0.998734,0.7375024557113647,0.019436456263065338,242
11801,/home/projects/bagon/shared/imagenet512/val/n02493509/ILSVRC2012_val_00012359.JPEG,1231,206.4416046142578,0.00092315673828125,0.0761781523158407,0.7416878172773632,0.0,46826,0.999167,0.5606406927108765,0.2573305070400238,84
11802,/home/projects/bagon/shared/imagenet512/val/n04462240/ILSVRC2012_val_00016686.JPEG,661,115.71484375,0.0009765625,0.04737433469123668,0.7390257520550471,0.0,46827,0.998146,0.30399107933044434,0.25994396209716797,8
11803,/home/projects/bagon/shared/imagenet512/val/n07716358/ILSVRC2012_val_00023848.JPEG,1072,226.00191497802734,0.00091552734375,0.07021920707224298,0.8034648449544614,0.0,46828,0.999439,0.38438335061073303,0.19552521407604218,69
11804,/home/projects/bagon/shared/imagenet512/val/n02017213/ILSVRC2012_val_00042376.JPEG,1293,1585.935920715332,0.00099945068359375,0.09636671253406884,0.9965932284959573,0.0,46829,0.996544,0.3667282462120056,0.0023899092338979244,405
11805,/home/projects/bagon/shared/imagenet512/val/n02669723/ILSVRC2012_val_00045524.JPEG,964,78.20242691040039,0.000911712646484375,0.057653504657630916,0.5109118857810435,0.0,46830,0.999709,0.5118460655212402,0.4881163239479065,5
11806,/home/projects/bagon/shared/imagenet512/val/n07871810/ILSVRC2012_val_00015840.JPEG,902,292.1600875854492,0.0009765625,0.0646748087660894,0.876448126380535,0.0,46831,0.996344,0.3107893168926239,0.12244099378585815,63
11807,/home/projects/bagon/shared/imagenet512/val/n12144580/ILSVRC2012_val_00041542.JPEG,1201,248.03939819335938,0.00091552734375,0.07810302925141505,0.7962579603352439,0.0,46832,0.999499,0.7967472672462463,0.20269417762756348,141
11808,/home/projects/bagon/shared/imagenet512/val/n04070727/ILSVRC2012_val_00033032.JPEG,965,422.1655158996582,0.000926971435546875,0.06660464805517212,0.9497300021551165,0.0,46833,0.996799,0.6138346791267395,0.04926595091819763,154
11809,/home/projects/bagon/shared/imagenet512/val/n03769881/ILSVRC2012_val_00031610.JPEG,887,108.37055587768555,0.000949859619140625,0.056744929604235377,0.6362368771570344,0.0,46834,0.999062,0.3627353608608246,0.3627353608608246,0
11810,/home/projects/bagon/shared/imagenet512/val/n10148035/ILSVRC2012_val_00029882.JPEG,1361,2735.285545349121,0.0009918212890625,0.10266687369666107,0.9987690695071012,0.0,46835,0.995934,0.881024956703186,0.0001811366091715172,541
11811,/home/projects/bagon/shared/imagenet512/val/n03207941/ILSVRC2012_val_00048287.JPEG,1577,2841.7693786621094,0.00099945068359375,0.11336682891609083,0.9986473301211645,0.0,46836,0.995530,0.23774953186511993,0.00029926779097877443,508
11812,/home/projects/bagon/shared/imagenet512/val/n02966687/ILSVRC2012_val_00043450.JPEG,967,2216.7876052856445,0.0009765625,0.07604397357154727,0.999089390193538,0.0,46837,0.998340,0.7248913645744324,3.8508012949023396e-05,375
11813,/home/projects/bagon/shared/imagenet512/val/n04265275/ILSVRC2012_val_00024097.JPEG,985,1587.1701889038086,0.0009918212890625,0.07198270411110229,0.9988157767919644,0.0,46838,0.998362,0.9099799394607544,0.0003091635007876903,321
11814,/home/projects/bagon/shared/imagenet512/val/n04141076/ILSVRC2012_val_00029866.JPEG,1184,440.5370178222656,0.00096893310546875,0.07599839327550048,0.9484398694891857,0.0,46839,0.999343,0.3158781826496124,0.05051381513476372,114
11815,/home/projects/bagon/shared/imagenet512/val/n03976467/ILSVRC2012_val_00020713.JPEG,606,147.4722557067871,0.000911712646484375,0.046035188225831615,0.8044997211293289,0.0,46840,0.998310,0.19455403089523315,0.19455403089523315,0
11816,/home/projects/bagon/shared/imagenet512/val/n03179701/ILSVRC2012_val_00008518.JPEG,998,612.1158828735352,0.000946044921875,0.07006517026509687,0.9786296340344154,0.0,46841,0.997420,0.46334221959114075,0.02034737542271614,168
11817,/home/projects/bagon/shared/imagenet512/val/n04356056/ILSVRC2012_val_00015697.JPEG,1722,1463.904052734375,0.0009918212890625,0.10913003936343882,0.994219994048638,0.0,46842,0.995326,0.18254292011260986,0.004735694732517004,298
11818,/home/projects/bagon/shared/imagenet512/val/n02167151/ILSVRC2012_val_00003331.JPEG,1216,665.9850921630859,0.0009765625,0.08280695192673222,0.9690020748790631,0.0,46843,0.999008,0.6247337460517883,0.029943209141492844,250
11819,/home/projects/bagon/shared/imagenet512/val/n13133613/ILSVRC2012_val_00009549.JPEG,1407,226.38812255859375,0.0009613037109375,0.08329603985781972,0.7382884080148965,0.0,46844,0.999185,0.6977543234825134,0.26062631607055664,120
11820,/home/projects/bagon/shared/imagenet512/val/n01756291/ILSVRC2012_val_00026712.JPEG,1446,481.45138931274414,0.000934600830078125,0.08485761785521703,0.9459686752658946,0.0,46845,0.997369,0.2579348385334015,0.05300932377576828,140
11821,/home/projects/bagon/shared/imagenet512/val/n12144580/ILSVRC2012_val_00008648.JPEG,1233,238.9771385192871,0.000911712646484375,0.07650275376916493,0.793191174238967,0.0,46848,0.998636,0.7939894199371338,0.20582805573940277,138
11822,/home/projects/bagon/shared/imagenet512/val/n02981792/ILSVRC2012_val_00004218.JPEG,971,140.10710906982422,0.000946044921875,0.06334951596420856,0.6869175244528936,0.0,46849,0.998394,0.31204453110694885,0.31204453110694885,0
11823,/home/projects/bagon/shared/imagenet512/val/n04330267/ILSVRC2012_val_00043536.JPEG,755,41.25743865966797,0.00098419189453125,0.0469826965597877,0.36880338986674877,0.0,46851,0.999610,0.6301321387290955,0.6301321387290955,0
11824,/home/projects/bagon/shared/imagenet512/val/n01494475/ILSVRC2012_val_00022552.JPEG,693,138.0506935119629,0.000972747802734375,0.04903600867420405,0.7791425804460077,0.0,46854,0.999431,0.7255985140800476,0.21981385350227356,76
11825,/home/projects/bagon/shared/imagenet512/val/n03197337/ILSVRC2012_val_00009243.JPEG,1767,1909.5897521972656,0.00099945068359375,0.1192204082269321,0.9943786503752888,0.0,46855,0.996662,0.07154913991689682,0.004511891398578882,381
11826,/home/projects/bagon/shared/imagenet512/val/n02676566/ILSVRC2012_val_00039740.JPEG,1634,1017.0431098937988,0.000949859619140625,0.11160297259912937,0.9748286990849837,0.0,46856,0.997506,0.46274030208587646,0.024139773100614548,356
11827,/home/projects/bagon/shared/imagenet512/val/n04209133/ILSVRC2012_val_00046639.JPEG,1307,1153.187889099121,0.00098419189453125,0.09261193849298907,0.9910058091343368,0.0,46857,0.998112,0.07052762806415558,0.007952284999191761,185
11828,/home/projects/bagon/shared/imagenet512/val/n03998194/ILSVRC2012_val_00049806.JPEG,1432,3348.520706176758,0.0009765625,0.11021579959692655,0.9988601557773389,0.0,46858,0.995880,0.26320579648017883,0.00014034956984687597,529
11829,/home/projects/bagon/shared/imagenet512/val/n04579145/ILSVRC2012_val_00014224.JPEG,1010,617.8227386474609,0.00091552734375,0.07468568577058403,0.9737469061154626,0.0,46859,0.999084,0.444500207901001,0.025229115039110184,202
11830,/home/projects/bagon/shared/imagenet512/val/n12998815/ILSVRC2012_val_00026184.JPEG,1468,1061.9975318908691,0.000926971435546875,0.09605007116084213,0.9907959774880283,0.0,46860,0.996427,0.4235433042049408,0.008202445693314075,308
11831,/home/projects/bagon/shared/imagenet512/val/n09332890/ILSVRC2012_val_00043650.JPEG,1458,1065.5530395507812,0.00098419189453125,0.09829040817792507,0.9848078024194266,0.0,46861,0.995538,0.4891335368156433,0.014124221168458462,339
11832,/home/projects/bagon/shared/imagenet512/val/n02910353/ILSVRC2012_val_00032648.JPEG,1275,307.25550079345703,0.00099945068359375,0.07997965834580051,0.8538272409531313,0.0,46862,0.996499,0.15024782717227936,0.14509454369544983,4
11833,/home/projects/bagon/shared/imagenet512/val/n04118776/ILSVRC2012_val_00027203.JPEG,553,55.89002990722656,0.0009765625,0.040064081957101365,0.5427314537218949,0.0,46863,0.999454,0.45616161823272705,0.45616161823272705,0
11834,/home/projects/bagon/shared/imagenet512/val/n01729322/ILSVRC2012_val_00018453.JPEG,1238,892.3690948486328,0.00096893310546875,0.08198212680683227,0.9907025196177199,0.0,46864,0.995694,0.5622483491897583,0.008268962614238262,254
11835,/home/projects/bagon/shared/imagenet512/val/n02123159/ILSVRC2012_val_00027539.JPEG,1439,452.88469314575195,0.000965118408203125,0.0868478731765056,0.950499005760594,0.0,46865,0.998294,0.6982625722885132,0.048456549644470215,115
11836,/home/projects/bagon/shared/imagenet512/val/n04270147/ILSVRC2012_val_00024034.JPEG,994,104.72195434570312,0.00098419189453125,0.06046874151204614,0.6063309002002465,0.0,46866,0.999038,0.41684356331825256,0.3925900459289551,5
11837,/home/projects/bagon/shared/imagenet512/val/n03529860/ILSVRC2012_val_00033213.JPEG,1294,540.5689697265625,0.00099945068359375,0.08648082427052915,0.9406609041845309,0.0,46867,0.997300,0.9255335927009583,0.058261189609766006,272
11838,/home/projects/bagon/shared/imagenet512/val/n01751748/ILSVRC2012_val_00032628.JPEG,1037,167.73341369628906,0.0009765625,0.06562443354527905,0.731023332919235,0.0,46868,0.998643,0.26798105239868164,0.26798105239868164,0
11839,/home/projects/bagon/shared/imagenet512/val/n03197337/ILSVRC2012_val_00029469.JPEG,1004,286.58815002441406,0.0009765625,0.06781824117183899,0.8907988741260532,0.0,46869,0.997524,0.5140772461891174,0.10814169049263,121
11840,/home/projects/bagon/shared/imagenet512/val/n03131574/ILSVRC2012_val_00022199.JPEG,1086,488.71138763427734,0.00098419189453125,0.07508275755709776,0.9576389918927353,0.0,46870,0.999308,0.72381192445755,0.041254203766584396,194
11841,/home/projects/bagon/shared/imagenet512/val/n04542943/ILSVRC2012_val_00015750.JPEG,1044,2420.2681427001953,0.00096893310546875,0.08490420583238031,0.9988550302960048,0.0,46871,0.998622,0.2043411284685135,0.00012724059342872351,432
11842,/home/projects/bagon/shared/imagenet512/val/n02219486/ILSVRC2012_val_00032504.JPEG,1459,1948.7651977539062,0.0009918212890625,0.10420331742622439,0.9974515589112621,0.0,46872,0.996927,0.6138356924057007,0.001488500856794417,480
11843,/home/projects/bagon/shared/imagenet512/val/n03803284/ILSVRC2012_val_00001515.JPEG,882,1186.8450622558594,0.0009307861328125,0.06926355707198101,0.9970458092676504,0.0,46873,0.997841,0.5785951018333435,0.0019516588654369116,285
11844,/home/projects/bagon/shared/imagenet512/val/n03207941/ILSVRC2012_val_00014622.JPEG,1377,1011.5131034851074,0.000926971435546875,0.08715865028436716,0.992031120532011,0.0,46874,0.997720,0.5151509046554565,0.006968073546886444,248
11845,/home/projects/bagon/shared/imagenet512/val/n03160309/ILSVRC2012_val_00015060.JPEG,659,575.1386032104492,0.00095367431640625,0.05463643248448475,0.9817161056364538,0.0,46875,0.998454,0.12762796878814697,0.01724470965564251,120
11846,/home/projects/bagon/shared/imagenet512/val/n04591157/ILSVRC2012_val_00013769.JPEG,1330,316.0889434814453,0.00092315673828125,0.08556350310012736,0.8206661887164213,0.0,46876,0.997935,0.7843949794769287,0.17837175726890564,175
11847,/home/projects/bagon/shared/imagenet512/val/n02992529/ILSVRC2012_val_00026822.JPEG,1271,550.2405700683594,0.0009307861328125,0.0819482579617991,0.9591828751725604,0.0,46877,0.997176,0.22130362689495087,0.03982006758451462,108
11848,/home/projects/bagon/shared/imagenet512/val/n03045698/ILSVRC2012_val_00024111.JPEG,1202,1588.324764251709,0.000949859619140625,0.08286158911113574,0.9984140760682949,0.0,46878,0.997746,0.38541311025619507,0.0006496115820482373,296
11849,/home/projects/bagon/shared/imagenet512/val/n03866082/ILSVRC2012_val_00034283.JPEG,1637,932.1877326965332,0.000942230224609375,0.10291683954473652,0.9809628448380799,0.0,46879,0.997907,0.17185409367084503,0.01803450845181942,308
11850,/home/projects/bagon/shared/imagenet512/val/n03903868/ILSVRC2012_val_00005095.JPEG,1240,1035.0961456298828,0.00099945068359375,0.08745927916143816,0.9909504193814855,0.0,46880,0.996310,0.17810358107089996,0.007981020957231522,218
11851,/home/projects/bagon/shared/imagenet512/val/n03832673/ILSVRC2012_val_00045627.JPEG,2193,2352.6069831848145,0.000926971435546875,0.13706613142495297,0.997465103829852,0.0,46881,0.997370,0.10672053694725037,0.0015327271539717913,457
11852,/home/projects/bagon/shared/imagenet512/val/n04356056/ILSVRC2012_val_00012545.JPEG,1999,1912.800148010254,0.00092315673828125,0.12178197424286681,0.996571024227683,0.0,46882,0.996688,0.35160666704177856,0.002432657405734062,416
11853,/home/projects/bagon/shared/imagenet512/val/n02909870/ILSVRC2012_val_00007724.JPEG,991,612.1809539794922,0.0009765625,0.07271991175486285,0.9737059098752069,0.0,46884,0.997574,0.19910891354084015,0.025256969034671783,129
11854,/home/projects/bagon/shared/imagenet512/val/n03125729/ILSVRC2012_val_00004363.JPEG,1626,2800.3708877563477,0.00099945068359375,0.10531210533624143,0.9993927778003946,0.0,46885,0.993590,0.14520716667175293,7.863288192311302e-05,457
11855,/home/projects/bagon/shared/imagenet512/val/n03146219/ILSVRC2012_val_00028726.JPEG,1284,746.5863342285156,0.0009765625,0.07895145339504654,0.9946651076596369,0.0,46886,0.998636,0.8115177750587463,0.0042129382491111755,219
11856,/home/projects/bagon/shared/imagenet512/val/n04357314/ILSVRC2012_val_00023485.JPEG,1311,760.8848075866699,0.000949859619140625,0.08576409797963626,0.9800949758737338,0.0,46887,0.995307,0.20940028131008148,0.018864987418055534,182
11857,/home/projects/bagon/shared/imagenet512/val/n02837789/ILSVRC2012_val_00015053.JPEG,1222,185.05374145507812,0.00093841552734375,0.07423148476094672,0.7270378764354855,0.0,46888,0.998594,0.364475816488266,0.27192384004592896,23
11858,/home/projects/bagon/shared/imagenet512/val/n02504458/ILSVRC2012_val_00022907.JPEG,1385,186.4924545288086,0.00098419189453125,0.0807947135094998,0.6942322420954562,0.0,46889,0.998433,0.5325173735618591,0.3046794533729553,63
11859,/home/projects/bagon/shared/imagenet512/val/n03372029/ILSVRC2012_val_00000140.JPEG,1473,2694.616584777832,0.00099945068359375,0.09340314415561697,0.9996370701608243,0.0,46890,0.994875,0.5521045327186584,1.5218273802020121e-05,353
11860,/home/projects/bagon/shared/imagenet512/val/n02871525/ILSVRC2012_val_00040739.JPEG,1519,1095.5189018249512,0.000972747802734375,0.10261788812719415,0.9840472022508975,0.0,46891,0.996252,0.23202048242092133,0.014897416345775127,293
11861,/home/projects/bagon/shared/imagenet512/val/n03710193/ILSVRC2012_val_00040946.JPEG,1219,754.8228225708008,0.00091552734375,0.07770095713695596,0.989108422016409,0.0,46892,0.999087,0.9666750431060791,0.009879309684038162,252
11862,/home/projects/bagon/shared/imagenet512/val/n03633091/ILSVRC2012_val_00006333.JPEG,840,211.03038024902344,0.00093841552734375,0.05857099716122316,0.8322143367490591,0.0,46893,0.999592,0.32404330372810364,0.1667669266462326,49
11863,/home/projects/bagon/shared/imagenet512/val/n03218198/ILSVRC2012_val_00044648.JPEG,1122,2746.5392723083496,0.000965118408203125,0.07528454727655404,0.9998790868998748,0.0,46894,0.993841,0.9733322858810425,2.8530093914014287e-06,412
11864,/home/projects/bagon/shared/imagenet512/val/n02106030/ILSVRC2012_val_00023666.JPEG,1324,1131.9164581298828,0.0009765625,0.08989998421219667,0.9895980318460365,0.0,46895,0.997482,0.14805403351783752,0.009357931092381477,292
11865,/home/projects/bagon/shared/imagenet512/val/n02769748/ILSVRC2012_val_00019321.JPEG,1426,2294.889793395996,0.0009765625,0.10667266556484659,0.9975946459101721,0.0,46896,0.994507,0.2545800507068634,0.0013422721531242132,461
11866,/home/projects/bagon/shared/imagenet512/val/n03443371/ILSVRC2012_val_00005887.JPEG,920,320.8407402038574,0.000965118408203125,0.0648054681304521,0.8930909056745221,0.0,46897,0.998458,0.6658073663711548,0.1058693379163742,126
11867,/home/projects/bagon/shared/imagenet512/val/n02128757/ILSVRC2012_val_00019738.JPEG,1208,680.8075675964355,0.000919342041015625,0.08304816946701414,0.9718359648875498,0.0,46898,0.995967,0.5506441593170166,0.027178561314940453,234
11868,/home/projects/bagon/shared/imagenet512/val/n04370456/ILSVRC2012_val_00005163.JPEG,998,530.0115432739258,0.00098419189453125,0.07180492354853464,0.9611000241511092,0.0,46899,0.996242,0.13146428763866425,0.03783336281776428,125
11869,/home/projects/bagon/shared/imagenet512/val/n02395406/ILSVRC2012_val_00046042.JPEG,952,1589.9316062927246,0.000965118408203125,0.07529256545221606,0.9984889837775144,0.0,46900,0.998194,0.5793550610542297,0.0005853820475749671,330
11870,/home/projects/bagon/shared/imagenet512/val/n03793489/ILSVRC2012_val_00049330.JPEG,1560,688.9700241088867,0.00099945068359375,0.10459675926282969,0.9397347891268669,0.0,46901,0.997719,0.44975587725639343,0.05917234718799591,238
11871,/home/projects/bagon/shared/imagenet512/val/n03461385/ILSVRC2012_val_00023277.JPEG,1014,172.01922607421875,0.00093841552734375,0.05948326348586133,0.8082883188167259,0.0,46902,0.997084,0.50403892993927,0.1907201111316681,60
11872,/home/projects/bagon/shared/imagenet512/val/n13054560/ILSVRC2012_val_00042718.JPEG,908,166.1263771057129,0.000942230224609375,0.05840844279238483,0.8025899107819113,0.0,46903,0.997860,0.2060793787240982,0.19638313353061676,4
11873,/home/projects/bagon/shared/imagenet512/val/n02325366/ILSVRC2012_val_00000937.JPEG,714,63.448429107666016,0.000804901123046875,0.04573507767752967,0.5498294632841413,0.0,46904,0.999410,0.550723135471344,0.449223130941391,13
11874,/home/projects/bagon/shared/imagenet512/val/n02096294/ILSVRC2012_val_00001564.JPEG,1346,299.82521057128906,0.0009307861328125,0.08326736876364638,0.8165033379846014,0.0,46905,0.998999,0.2785687744617462,0.1824922263622284,61
11875,/home/projects/bagon/shared/imagenet512/val/n02916936/ILSVRC2012_val_00028143.JPEG,945,579.3874359130859,0.0009918212890625,0.07146749381529323,0.970458844187214,0.0,46906,0.998328,0.18319584429264069,0.028485193848609924,162
11876,/home/projects/bagon/shared/imagenet512/val/n04371430/ILSVRC2012_val_00015591.JPEG,1198,748.8405914306641,0.00099945068359375,0.08233336824583148,0.9803600624948431,0.0,46907,0.998059,0.3842884302139282,0.0185671616345644,227
11877,/home/projects/bagon/shared/imagenet512/val/n02130308/ILSVRC2012_val_00003773.JPEG,1305,1176.2404403686523,0.00099945068359375,0.09351541950452216,0.9881346149997723,0.0,46908,0.995319,0.07645735144615173,0.010775881819427013,127
11878,/home/projects/bagon/shared/imagenet512/val/n04356056/ILSVRC2012_val_00032243.JPEG,2224,5976.996570587158,0.000911712646484375,0.14424956088006188,0.9996802894549245,0.0,46909,0.997794,0.6130293607711792,3.479379302007146e-06,810
11879,/home/projects/bagon/shared/imagenet512/val/n02797295/ILSVRC2012_val_00026437.JPEG,1138,1124.3969650268555,0.0009307861328125,0.0825937123063513,0.9941967202074997,0.0,46910,0.997501,0.8330368995666504,0.004793062340468168,327
11880,/home/projects/bagon/shared/imagenet512/val/n01744401/ILSVRC2012_val_00037464.JPEG,1349,1354.1591606140137,0.000926971435546875,0.09347777691522274,0.9955682166217726,0.0,46911,0.997164,0.27559491991996765,0.003435880644246936,325
11881,/home/projects/bagon/shared/imagenet512/val/n02268443/ILSVRC2012_val_00024612.JPEG,898,189.61539840698242,0.000942230224609375,0.06269471623114638,0.7787246602841094,0.0,46912,0.999036,0.7797732353210449,0.2201423943042755,111
11882,/home/projects/bagon/shared/imagenet512/val/n07718472/ILSVRC2012_val_00025981.JPEG,1115,821.5246315002441,0.000942230224609375,0.07466176950307031,0.9915104718807939,0.0,46913,0.998303,0.8135057091712952,0.007464954629540443,235
11883,/home/projects/bagon/shared/imagenet512/val/n01775062/ILSVRC2012_val_00025447.JPEG,1374,1656.4872665405273,0.0009765625,0.08708490357247603,0.998412081279518,0.0,46914,0.998403,0.9529146552085876,0.0008789505227468908,414
11884,/home/projects/bagon/shared/imagenet512/val/n02978881/ILSVRC2012_val_00016528.JPEG,1343,598.8405494689941,0.000965118408203125,0.09247068193897842,0.9401225159102838,0.0,46915,0.999381,0.339568167924881,0.05878634750843048,204
11885,/home/projects/bagon/shared/imagenet512/val/n02167151/ILSVRC2012_val_00004517.JPEG,1254,290.50609588623047,0.00098419189453125,0.0761301489410133,0.8693148792515576,0.0,46916,0.997760,0.8547065258026123,0.12957262992858887,154
11886,/home/projects/bagon/shared/imagenet512/val/n01978455/ILSVRC2012_val_00019859.JPEG,1286,317.19457244873047,0.0009918212890625,0.08145405729096568,0.8563581616840678,0.0,46917,0.995417,0.3020915985107422,0.14257949590682983,91
11887,/home/projects/bagon/shared/imagenet512/val/n03899768/ILSVRC2012_val_00023647.JPEG,1104,1077.8236618041992,0.0009918212890625,0.0801436144117399,0.9946059652048111,0.0,46918,0.998086,0.4518851637840271,0.004336117766797543,315
11888,/home/projects/bagon/shared/imagenet512/val/n02104365/ILSVRC2012_val_00045533.JPEG,588,135.9055290222168,0.000972747802734375,0.04525279946702386,0.7952256615948416,0.0,46919,0.999170,0.7662562131881714,0.2036530077457428,80
11889,/home/projects/bagon/shared/imagenet512/val/n04493381/ILSVRC2012_val_00034621.JPEG,1641,218.85858154296875,0.00095367431640625,0.0903390792760463,0.7114972705096538,0.0,46920,0.998189,0.30996209383010864,0.2874792814254761,19
11890,/home/projects/bagon/shared/imagenet512/val/n03584254/ILSVRC2012_val_00039821.JPEG,654,171.29645538330078,0.0009765625,0.04606697034896501,0.8755968744380931,0.0,46921,0.999542,0.4058264195919037,0.12336938828229904,55
11891,/home/projects/bagon/shared/imagenet512/val/n04483307/ILSVRC2012_val_00045574.JPEG,1319,1393.4535369873047,0.00098419189453125,0.0885390068269687,0.9976841635467067,0.0,46923,0.997502,0.32612016797065735,0.0012336495565250516,249
11892,/home/projects/bagon/shared/imagenet512/val/n03868863/ILSVRC2012_val_00036571.JPEG,1220,3230.6360778808594,0.0009765625,0.09441099662756591,0.9989348940537458,0.0,46924,0.998287,0.35819005966186523,2.92881977657089e-05,469
11893,/home/projects/bagon/shared/imagenet512/val/n01773549/ILSVRC2012_val_00041612.JPEG,1005,350.93109130859375,0.00098419189453125,0.06676617360532583,0.8855577409833442,0.0,46925,0.996325,0.7094607353210449,0.11356319487094879,177
11894,/home/projects/bagon/shared/imagenet512/val/n02814533/ILSVRC2012_val_00006220.JPEG,1532,1148.506275177002,0.000934600830078125,0.10230862738551923,0.9899837615107272,0.0,46926,0.995999,0.8299944400787354,0.008985872380435467,399
11895,/home/projects/bagon/shared/imagenet512/val/n15075141/ILSVRC2012_val_00034988.JPEG,1189,672.7915725708008,0.00095367431640625,0.0749226866266241,0.9828279441244439,0.0,46927,0.998460,0.11158798635005951,0.01615205593407154,128
11896,/home/projects/bagon/shared/imagenet512/val/n03899768/ILSVRC2012_val_00036309.JPEG,953,714.8762283325195,0.00099945068359375,0.06792034670419535,0.9884002103857966,0.0,46928,0.998349,0.8666056394577026,0.010503132827579975,231
11897,/home/projects/bagon/shared/imagenet512/val/n07718472/ILSVRC2012_val_00030457.JPEG,1431,1249.5373764038086,0.00099945068359375,0.09614538562893077,0.9924086729948152,0.0,46929,0.997133,0.18198229372501373,0.0065439133904874325,339
